,screen_name,mk
0,evgenysova,shahadehabou
1,bussouriel,shahadehabou
2,gilagamliel,shahadehabou
3,yairlapid,shahadehabou
4,kushnir_al,shahadehabou
5,elicoh1,shahadehabou
6,shlomo_karhi,shahadehabou
7,yuliamalinovsky,shahadehabou
8,haleviamit,shahadehabou
9,pnina_tamano_sh,shahadehabou
10,yairgolan1,shahadehabou
11,gantzbe,shahadehabou
12,dayanuzi,shahadehabou
13,matankahana,shahadehabou
14,mkorlyfroman,shahadehabou
15,mikihaimovich1,shahadehabou
16,gabi_ashkenazi,shahadehabou
17,btoporovsky,shahadehabou
18,cotlerwunsh,shahadehabou
19,andreykozhinov,shahadehabou
20,abutbulm,shahadehabou
21,sbyifat,shahadehabou
22,arielkallner,shahadehabou
23,ishmuli,shahadehabou
24,meravmichaeli,shahadehabou
25,avidareli,shahadehabou
26,yrazvozov,shahadehabou
27,kelharrar,shahadehabou
28,idanroll,shahadehabou
29,kerenbarak,shahadehabou
30,taliploskov,shahadehabou
31,yakmargi,shahadehabou
32,oded_forer,shahadehabou
33,ornabarb,shahadehabou
34,ettyatia,shahadehabou
35,ofirkatzmk,shahadehabou
36,ram_ben_barak,shahadehabou
37,shitrit_keti,shahadehabou
38,ysegalovitz,shahadehabou
39,osnathilamark,shahadehabou
40,gyevarkan,shahadehabou
41,zoharm7,shahadehabou
42,dudiamsalem,shahadehabou
43,steinitz_yuval,shahadehabou
44,davidbitan,shahadehabou
45,yoavkisch,shahadehabou
46,nirbarkat,shahadehabou
47,yoavgallant,shahadehabou
48,regev_miri,shahadehabou
49,israel_katz,shahadehabou
50,yuliedelstein,shahadehabou
51,orly_levy,shahadehabou
52,realrafiperets,shahadehabou
53,zvihauser,shahadehabou
54,yoazhendel1,shahadehabou
55,tehilafriedman,shahadehabou
56,yossitaieb,shahadehabou
57,yorailahav,shahadehabou
58,asafzamir,shahadehabou
59,mkgilon,shahadehabou
60,omeryankelevitc,shahadehabou
61,mkmickeylevy,shahadehabou
62,mksondos,shahadehabou
63,gadeermreeh,shahadehabou
64,mkmeircohen,shahadehabou
65,khatib_eman,shahadehabou
66,waleedt68,shahadehabou
67,osamasaadi63,shahadehabou
68,ofercass,shahadehabou
69,saeedalkhrumi,shahadehabou
70,mnsorabbas,shahadehabou
71,asaqla,shahadehabou
72,tamarzandberg,shahadehabou
73,nitzanhorowitz,shahadehabou
74,hebayazbak,shahadehabou
75,aidatuma,shahadehabou
76,drjabareen,shahadehabou
77,mtanesshihadeh,shahadehabou
78,ayodeh,shahadehabou
79,ahmad_tibi,shahadehabou
0,evgenysova,abutbulm
1,andreykozhinov,abutbulm
2,kushnir_al,abutbulm
3,tehilafriedman,abutbulm
4,gadeermreeh,abutbulm
5,mkorlyfroman,abutbulm
6,haleviamit,abutbulm
7,aidatuma,abutbulm
8,osnathilamark,abutbulm
9,arielkallner,abutbulm
10,avidareli,abutbulm
11,malkielim82,abutbulm
12,meravmichaeli,abutbulm
13,tzachi_hanegbi,abutbulm
14,mikihaimovich1,abutbulm
15,mkmeircohen,abutbulm
16,ayodeh,abutbulm
17,ettyatia,abutbulm
18,kerenbarak,abutbulm
19,ofirkatzmk,abutbulm
20,netanyahu,abutbulm
21,regev_miri,abutbulm
22,davidbitan,abutbulm
23,nirbarkat,abutbulm
24,yuliedelstein,abutbulm
25,avigdorliberman,abutbulm
26,zoharm7,abutbulm
27,yoavkisch,abutbulm
28,ishmuli,abutbulm
29,bogie_yaalon,abutbulm
30,ahmad_tibi,abutbulm
31,orly_levy,abutbulm
32,elicoh1,abutbulm
33,gilagamliel,abutbulm
34,realrafiperets,abutbulm
35,asafzamir,abutbulm
36,steinitz_yuval,abutbulm
37,ornabarb,abutbulm
38,zvihauser,abutbulm
39,shitrit_keti,abutbulm
40,yairgolan1,abutbulm
41,yoavgallant,abutbulm
42,eitanginzburg,abutbulm
43,ofir_sofer,abutbulm
44,matankahana,abutbulm
45,gyevarkan,abutbulm
46,shlomo_karhi,abutbulm
47,avidichter,abutbulm
48,oded_forer,abutbulm
49,sbyifat,abutbulm
50,pnina_tamano_sh,abutbulm
51,yossitaieb,abutbulm
52,izhars7,abutbulm
53,yoazhendel1,abutbulm
54,ayelet__shaked,abutbulm
55,israel_katz,abutbulm
56,yakmargi,abutbulm
57,gantzbe,abutbulm
58,omeryankelevitc,abutbulm
59,bussouriel,abutbulm
60,kelharrar,abutbulm
61,yairlapid,abutbulm
62,naftalibennett,abutbulm
63,gabi_ashkenazi,abutbulm
64,bezalelsm,abutbulm
65,dudiamsalem,abutbulm
0,avigdorliberman,avidareli
0,netanyahu,yuliedelstein
0,ayelet__shaked,yisraeleichler
1,netanyahu,yisraeleichler
0,btoporovsky,kelharrar
1,yorailahav,kelharrar
2,shlomo_karhi,kelharrar
3,vladimirbeliak,kelharrar
4,avidareli,kelharrar
5,yrazvozov,kelharrar
6,mkmickeylevy,kelharrar
7,gadeermreeh,kelharrar
8,oded_forer,kelharrar
9,idanroll,kelharrar
10,asafzamir,kelharrar
11,ysegalovitz,kelharrar
12,gabi_ashkenazi,kelharrar
13,yairgolan1,kelharrar
14,mikihaimovich1,kelharrar
15,gantzbe,kelharrar
16,ornabarb,kelharrar
17,mosheturpaz,kelharrar
18,pnina_tamano_sh,kelharrar
19,ram_ben_barak,kelharrar
20,nitzanhorowitz,kelharrar
21,ayoobkara,kelharrar
22,mkmeircohen,kelharrar
23,steinitz_yuval,kelharrar
24,gilagamliel,kelharrar
25,israel_katz,kelharrar
26,avidichter,kelharrar
27,elicoh1,kelharrar
28,ayodeh,kelharrar
29,orly_levy,kelharrar
30,elazar_stern,kelharrar
31,sbyifat,kelharrar
32,bogie_yaalon,kelharrar
33,ayelet__shaked,kelharrar
34,ofirakunis,kelharrar
35,aidatuma,kelharrar
36,davidbitan,kelharrar
37,meravmichaeli,kelharrar
38,ishmuli,kelharrar
39,zoharm7,kelharrar
40,dudiamsalem,kelharrar
41,mkgilon,kelharrar
42,yoavkisch,kelharrar
43,zvihauser,kelharrar
44,regev_miri,kelharrar
45,avigdorliberman,kelharrar
46,naftalibennett,kelharrar
47,ahmad_tibi,kelharrar
48,bezalelsm,kelharrar
49,yoazhendel1,kelharrar
50,yuliedelstein,kelharrar
51,netanyahu,kelharrar
52,yairlapid,kelharrar
0,drjabareen,saeedalkhrumi
1,waleedt68,saeedalkhrumi
2,gabi_ashkenazi,saeedalkhrumi
3,gantzbe,saeedalkhrumi
4,davidbitan,saeedalkhrumi
5,bezalelsm,saeedalkhrumi
6,ayoobkara,saeedalkhrumi
7,naftalibennett,saeedalkhrumi
8,yairlapid,saeedalkhrumi
9,avigdorliberman,saeedalkhrumi
10,dudiamsalem,saeedalkhrumi
11,yuliedelstein,saeedalkhrumi
12,ayodeh,saeedalkhrumi
13,mkgilon,saeedalkhrumi
14,netanyahu,saeedalkhrumi
15,regev_miri,saeedalkhrumi
16,nirbarkat,saeedalkhrumi
17,ayelet__shaked,saeedalkhrumi
18,bogie_yaalon,saeedalkhrumi
19,elicoh1,saeedalkhrumi
20,nitzanhorowitz,saeedalkhrumi
21,ahmad_tibi,saeedalkhrumi
22,meravmichaeli,saeedalkhrumi
23,kelharrar,saeedalkhrumi
24,tamarzandberg,saeedalkhrumi
25,zvihauser,saeedalkhrumi
26,ishmuli,saeedalkhrumi
0,realrafiperets,dudiamsalem
1,israel_katz,dudiamsalem
2,ofirkatzmk,dudiamsalem
3,kerenbarak,dudiamsalem
4,oded_forer,dudiamsalem
5,taliploskov,dudiamsalem
6,ayelet__shaked,dudiamsalem
7,orly_levy,dudiamsalem
8,steinitz_yuval,dudiamsalem
9,yoavgallant,dudiamsalem
10,ishmuli,dudiamsalem
11,mkgilon,dudiamsalem
12,gilagamliel,dudiamsalem
13,avidichter,dudiamsalem
14,davidbitan,dudiamsalem
15,yoavkisch,dudiamsalem
16,zoharm7,dudiamsalem
17,elicoh1,dudiamsalem
18,kelharrar,dudiamsalem
19,bezalelsm,dudiamsalem
20,yoazhendel1,dudiamsalem
21,netanyahu,dudiamsalem
0,netanyahu,ofirakunis
0,yairgolan1,gabi_ashkenazi
1,ishmuli,gabi_ashkenazi
2,israel_katz,gabi_ashkenazi
3,oded_forer,gabi_ashkenazi
4,mkorlyfroman,gabi_ashkenazi
5,omeryankelevitc,gabi_ashkenazi
6,nitzanhorowitz,gabi_ashkenazi
7,bezalelsm,gabi_ashkenazi
8,realrafiperets,gabi_ashkenazi
9,tamarzandberg,gabi_ashkenazi
10,netanyahu,gabi_ashkenazi
11,meravmichaeli,gabi_ashkenazi
12,davidbitan,gabi_ashkenazi
13,dudiamsalem,gabi_ashkenazi
14,avidichter,gabi_ashkenazi
15,zoharm7,gabi_ashkenazi
16,yoavkisch,gabi_ashkenazi
17,yuliedelstein,gabi_ashkenazi
18,sbyifat,gabi_ashkenazi
19,yisraeleichler,gabi_ashkenazi
20,tzachi_hanegbi,gabi_ashkenazi
21,ayoobkara,gabi_ashkenazi
22,yakmargi,gabi_ashkenazi
23,ayelet__shaked,gabi_ashkenazi
24,zvihauser,gabi_ashkenazi
25,mkmeircohen,gabi_ashkenazi
26,regev_miri,gabi_ashkenazi
27,naftalibennett,gabi_ashkenazi
28,elazar_stern,gabi_ashkenazi
29,ayodeh,gabi_ashkenazi
30,mkmickeylevy,gabi_ashkenazi
31,avigdorliberman,gabi_ashkenazi
32,izhars7,gabi_ashkenazi
33,ram_ben_barak,gabi_ashkenazi
34,ornabarb,gabi_ashkenazi
35,eitanginzburg,gabi_ashkenazi
36,yorailahav,gabi_ashkenazi
37,asafzamir,gabi_ashkenazi
38,pnina_tamano_sh,gabi_ashkenazi
39,idanroll,gabi_ashkenazi
40,kelharrar,gabi_ashkenazi
41,mikihaimovich1,gabi_ashkenazi
42,bogie_yaalon,gabi_ashkenazi
43,yoazhendel1,gabi_ashkenazi
44,gantzbe,gabi_ashkenazi
45,yairlapid,gabi_ashkenazi
0,ishmuli,pikeaccount
1,orly_levy,pikeaccount
2,regev_miri,pikeaccount
3,ayelet__shaked,pikeaccount
4,dudiamsalem,pikeaccount
5,zoharm7,pikeaccount
6,yuliedelstein,pikeaccount
7,bezalelsm,pikeaccount
8,naftalibennett,pikeaccount
9,yairlapid,pikeaccount
10,gantzbe,pikeaccount
11,netanyahu,pikeaccount
0,avidichter,bussouriel
1,nissimv,bussouriel
2,osnathilamark,bussouriel
3,golanmay,bussouriel
4,cotlerwunsh,bussouriel
5,malkielim82,bussouriel
6,eitanginzburg,bussouriel
7,kushnir_al,bussouriel
8,abutbulm,bussouriel
9,yossitaieb,bussouriel
10,avidareli,bussouriel
11,elicoh1,bussouriel
12,ofirakunis,bussouriel
13,ayoobkara,bussouriel
14,ofirkatzmk,bussouriel
15,kerenbarak,bussouriel
16,ettyatia,bussouriel
17,dayanuzi,bussouriel
18,shlomo_karhi,bussouriel
19,avigdorliberman,bussouriel
20,yairgolan1,bussouriel
21,ayodeh,bussouriel
22,orly_levy,bussouriel
23,gilagamliel,bussouriel
24,nirbarkat,bussouriel
25,elazar_stern,bussouriel
26,nitzanhorowitz,bussouriel
27,kelharrar,bussouriel
28,asafzamir,bussouriel
29,gabi_ashkenazi,bussouriel
30,izhars7,bussouriel
31,oded_forer,bussouriel
32,gyevarkan,bussouriel
33,yoavgallant,bussouriel
34,pnina_tamano_sh,bussouriel
35,mkmeircohen,bussouriel
36,mikihaimovich1,bussouriel
37,btoporovsky,bussouriel
38,realrafiperets,bussouriel
39,sbyifat,bussouriel
40,regev_miri,bussouriel
41,ishmuli,bussouriel
42,yoazhendel1,bussouriel
43,omeryankelevitc,bussouriel
44,dudiamsalem,bussouriel
45,zvihauser,bussouriel
46,davidbitan,bussouriel
47,yuliedelstein,bussouriel
48,tamarzandberg,bussouriel
49,israel_katz,bussouriel
50,tzachi_hanegbi,bussouriel
51,meravmichaeli,bussouriel
52,yakmargi,bussouriel
53,gantzbe,bussouriel
54,yairlapid,bussouriel
55,bogie_yaalon,bussouriel
56,zoharm7,bussouriel
57,shitrit_keti,bussouriel
58,yoavkisch,bussouriel
59,bezalelsm,bussouriel
60,naftalibennett,bussouriel
61,ayelet__shaked,bussouriel
62,netanyahu,bussouriel
0,nirbarkat,davidbitan
1,yoavgallant,davidbitan
2,haleviamit,davidbitan
3,ofir_sofer,davidbitan
4,steinitz_yuval,davidbitan
5,israel_katz,davidbitan
6,kerenbarak,davidbitan
7,gantzbe,davidbitan
8,ettyatia,davidbitan
9,shitrit_keti,davidbitan
10,osnathilamark,davidbitan
11,dayanuzi,davidbitan
12,arielkallner,davidbitan
13,gabi_ashkenazi,davidbitan
14,ofirkatzmk,davidbitan
15,avigdorliberman,davidbitan
16,zvihauser,davidbitan
17,aidatuma,davidbitan
18,ayodeh,davidbitan
19,gilagamliel,davidbitan
20,elicoh1,davidbitan
21,ahmad_tibi,davidbitan
22,elazar_stern,davidbitan
23,taliploskov,davidbitan
24,yakmargi,davidbitan
25,ayoobkara,davidbitan
26,yoazhendel1,davidbitan
27,orly_levy,davidbitan
28,sbyifat,davidbitan
29,tamarzandberg,davidbitan
30,meravmichaeli,davidbitan
31,yairlapid,davidbitan
32,mkgilon,davidbitan
33,yuliedelstein,davidbitan
34,avidichter,davidbitan
35,zoharm7,davidbitan
36,yoavkisch,davidbitan
37,kelharrar,davidbitan
38,ayelet__shaked,davidbitan
39,bezalelsm,davidbitan
40,dudiamsalem,davidbitan
41,naftalibennett,davidbitan
42,ishmuli,davidbitan
43,ofirakunis,davidbitan
44,regev_miri,davidbitan
45,netanyahu,davidbitan
0,zoharm7,vladimirbeliak
1,arielkallner,vladimirbeliak
2,ofirkatzmk,vladimirbeliak
3,bussouriel,vladimirbeliak
4,matankahana,vladimirbeliak
5,kushnir_al,vladimirbeliak
6,haleviamit,vladimirbeliak
7,dayanuzi,vladimirbeliak
8,mksondos,vladimirbeliak
9,yoavgallant,vladimirbeliak
10,avidareli,vladimirbeliak
11,aidatuma,vladimirbeliak
12,andreykozhinov,vladimirbeliak
13,mkorlyfroman,vladimirbeliak
14,gadeermreeh,vladimirbeliak
15,nirbarkat,vladimirbeliak
16,kerenbarak,vladimirbeliak
17,gyevarkan,vladimirbeliak
18,btoporovsky,vladimirbeliak
19,gabi_ashkenazi,vladimirbeliak
20,evgenysova,vladimirbeliak
21,izhars7,vladimirbeliak
22,yrazvozov,vladimirbeliak
23,eitanginzburg,vladimirbeliak
24,ysegalovitz,vladimirbeliak
25,yairgolan1,vladimirbeliak
26,mikihaimovich1,vladimirbeliak
27,yorailahav,vladimirbeliak
28,asafzamir,vladimirbeliak
29,gantzbe,vladimirbeliak
30,ornabarb,vladimirbeliak
31,mkmeircohen,vladimirbeliak
32,mosheturpaz,vladimirbeliak
33,tehilafriedman,vladimirbeliak
34,idanroll,vladimirbeliak
35,yakmargi,vladimirbeliak
36,yuliamalinovsky,vladimirbeliak
37,pnina_tamano_sh,vladimirbeliak
38,ram_ben_barak,vladimirbeliak
39,oded_forer,vladimirbeliak
40,taliploskov,vladimirbeliak
41,israel_katz,vladimirbeliak
42,steinitz_yuval,vladimirbeliak
43,gilagamliel,vladimirbeliak
44,elazar_stern,vladimirbeliak
45,sbyifat,vladimirbeliak
46,ahmad_tibi,vladimirbeliak
47,ofirakunis,vladimirbeliak
48,dudiamsalem,vladimirbeliak
49,mkgilon,vladimirbeliak
50,yoavkisch,vladimirbeliak
51,bezalelsm,vladimirbeliak
52,mkmickeylevy,vladimirbeliak
53,yuliedelstein,vladimirbeliak
54,meravmichaeli,vladimirbeliak
55,nitzanhorowitz,vladimirbeliak
56,ayodeh,vladimirbeliak
57,zvihauser,vladimirbeliak
58,yoazhendel1,vladimirbeliak
59,tzachi_hanegbi,vladimirbeliak
60,regev_miri,vladimirbeliak
61,naftalibennett,vladimirbeliak
62,bogie_yaalon,vladimirbeliak
63,avigdorliberman,vladimirbeliak
64,netanyahu,vladimirbeliak
65,tamarzandberg,vladimirbeliak
66,yairlapid,vladimirbeliak
67,ishmuli,vladimirbeliak
68,kelharrar,vladimirbeliak
0,mosheturpaz,ram_ben_barak
1,btoporovsky,ram_ben_barak
2,ofir_sofer,ram_ben_barak
3,mkorlyfroman,ram_ben_barak
4,steinitz_yuval,ram_ben_barak
5,yoavgallant,ram_ben_barak
6,yrazvozov,ram_ben_barak
7,mkmickeylevy,ram_ben_barak
8,gadeermreeh,ram_ben_barak
9,mikihaimovich1,ram_ben_barak
10,yairgolan1,ram_ben_barak
11,matankahana,ram_ben_barak
12,eitanginzburg,ram_ben_barak
13,ofirkatzmk,ram_ben_barak
14,izhars7,ram_ben_barak
15,idanroll,ram_ben_barak
16,zoharm7,ram_ben_barak
17,asafzamir,ram_ben_barak
18,pnina_tamano_sh,ram_ben_barak
19,ornabarb,ram_ben_barak
20,ysegalovitz,ram_ben_barak
21,gantzbe,ram_ben_barak
22,gabi_ashkenazi,ram_ben_barak
23,yorailahav,ram_ben_barak
24,realrafiperets,ram_ben_barak
25,avidichter,ram_ben_barak
26,yoavkisch,ram_ben_barak
27,dudiamsalem,ram_ben_barak
28,davidbitan,ram_ben_barak
29,elazar_stern,ram_ben_barak
30,kelharrar,ram_ben_barak
31,israel_katz,ram_ben_barak
32,tamarzandberg,ram_ben_barak
33,meravmichaeli,ram_ben_barak
34,netanyahu,ram_ben_barak
35,yoazhendel1,ram_ben_barak
36,yairlapid,ram_ben_barak
37,naftalibennett,ram_ben_barak
38,ayelet__shaked,ram_ben_barak
39,nitzanhorowitz,ram_ben_barak
40,ahmad_tibi,ram_ben_barak
41,ishmuli,ram_ben_barak
42,bogie_yaalon,ram_ben_barak
43,regev_miri,ram_ben_barak
44,avigdorliberman,ram_ben_barak
45,yuliedelstein,ram_ben_barak
46,ayodeh,ram_ben_barak
47,bezalelsm,ram_ben_barak
0,gabi_ashkenazi,naftalibennett
1,dudiamsalem,naftalibennett
2,gantzbe,naftalibennett
3,ofir_sofer,naftalibennett
4,matankahana,naftalibennett
5,realrafiperets,naftalibennett
6,zoharm7,naftalibennett
7,davidbitan,naftalibennett
8,yakmargi,naftalibennett
9,golanmay,naftalibennett
10,tamarzandberg,naftalibennett
11,bezalelsm,naftalibennett
12,ishmuli,naftalibennett
13,ofirakunis,naftalibennett
14,yuliedelstein,naftalibennett
15,regev_miri,naftalibennett
16,zvihauser,naftalibennett
17,yoazhendel1,naftalibennett
18,yairlapid,naftalibennett
19,ayelet__shaked,naftalibennett
20,avigdorliberman,naftalibennett
21,bogie_yaalon,naftalibennett
22,nitzanhorowitz,naftalibennett
23,meravmichaeli,naftalibennett
24,netanyahu,naftalibennett
0,asafzamir,ornabarb
1,gilagamliel,ornabarb
2,mkgilon,ornabarb
3,sbyifat,ornabarb
4,ayodeh,ornabarb
5,mkmickeylevy,ornabarb
6,israel_katz,ornabarb
7,vladimirbeliak,ornabarb
8,avidareli,ornabarb
9,yairgolan1,ornabarb
10,btoporovsky,ornabarb
11,ysegalovitz,ornabarb
12,yrazvozov,ornabarb
13,gadeermreeh,ornabarb
14,mkorlyfroman,ornabarb
15,avidichter,ornabarb
16,yoavkisch,ornabarb
17,yoavgallant,ornabarb
18,nitzanhorowitz,ornabarb
19,bezalelsm,ornabarb
20,oded_forer,ornabarb
21,nirbarkat,ornabarb
22,zvihauser,ornabarb
23,mkmeircohen,ornabarb
24,idanroll,ornabarb
25,ram_ben_barak,ornabarb
26,yorailahav,ornabarb
27,pnina_tamano_sh,ornabarb
28,davidbitan,ornabarb
29,tamarzandberg,ornabarb
30,yuliedelstein,ornabarb
31,regev_miri,ornabarb
32,avigdorliberman,ornabarb
33,naftalibennett,ornabarb
34,meravmichaeli,ornabarb
35,ishmuli,ornabarb
36,elazar_stern,ornabarb
37,kelharrar,ornabarb
38,yairlapid,ornabarb
39,ayelet__shaked,ornabarb
40,bogie_yaalon,ornabarb
41,yoazhendel1,ornabarb
0,mkmeircohen,kerenbarak
1,taliploskov,kerenbarak
2,osnathilamark,kerenbarak
3,sbyifat,kerenbarak
4,steinitz_yuval,kerenbarak
5,arielkallner,kerenbarak
6,dayanuzi,kerenbarak
7,eitanginzburg,kerenbarak
8,oded_forer,kerenbarak
9,yakmargi,kerenbarak
10,tamarzandberg,kerenbarak
11,asafzamir,kerenbarak
12,meravmichaeli,kerenbarak
13,yairgolan1,kerenbarak
14,elicoh1,kerenbarak
15,pnina_tamano_sh,kerenbarak
16,zvihauser,kerenbarak
17,izhars7,kerenbarak
18,shlomo_karhi,kerenbarak
19,gabi_ashkenazi,kerenbarak
20,yuliamalinovsky,kerenbarak
21,realrafiperets,kerenbarak
22,nitzanhorowitz,kerenbarak
23,shitrit_keti,kerenbarak
24,yoazhendel1,kerenbarak
25,omeryankelevitc,kerenbarak
26,israel_katz,kerenbarak
27,nirbarkat,kerenbarak
28,yoavgallant,kerenbarak
29,gantzbe,kerenbarak
30,mikihaimovich1,kerenbarak
31,ofirkatzmk,kerenbarak
32,ishmuli,kerenbarak
33,bezalelsm,kerenbarak
34,regev_miri,kerenbarak
35,yuliedelstein,kerenbarak
36,dudiamsalem,kerenbarak
37,zoharm7,kerenbarak
38,yoavkisch,kerenbarak
39,gilagamliel,kerenbarak
40,tzachi_hanegbi,kerenbarak
41,davidbitan,kerenbarak
42,yairlapid,kerenbarak
43,avigdorliberman,kerenbarak
44,bogie_yaalon,kerenbarak
45,ayelet__shaked,kerenbarak
46,naftalibennett,kerenbarak
47,netanyahu,kerenbarak
0,ofir_sofer,nirbarkat
1,bezalelsm,nirbarkat
2,gantzbe,nirbarkat
3,shitrit_keti,nirbarkat
4,yuliedelstein,nirbarkat
5,naftalibennett,nirbarkat
6,netanyahu,nirbarkat
7,avigdorliberman,nirbarkat
8,ayelet__shaked,nirbarkat
9,yairlapid,nirbarkat
10,regev_miri,nirbarkat
0,mksondos,drjabareen
1,pindrosy,drjabareen
2,malkielim82,drjabareen
3,asaqla,drjabareen
4,ofercass,drjabareen
5,ayodeh,drjabareen
6,aidatuma,drjabareen
7,ahmad_tibi,drjabareen
8,meravmichaeli,drjabareen
9,tamarzandberg,drjabareen
10,hebayazbak,drjabareen
11,netanyahu,drjabareen
0,meravmichaeli,yairgolan1
1,avidareli,yairgolan1
2,ram_ben_barak,yairgolan1
3,bezalelsm,yairgolan1
4,orly_levy,yairgolan1
5,gadeermreeh,yairgolan1
6,asaqla,yairgolan1
7,tamarzandberg,yairgolan1
8,yairlapid,yairgolan1
9,ahmad_tibi,yairgolan1
10,nitzanhorowitz,yairgolan1
11,ayodeh,yairgolan1
12,yakmargi,yairgolan1
13,zvihauser,yairgolan1
0,pindrosy,golanmay
1,yorailahav,golanmay
2,yakmargi,golanmay
3,abutbulm,golanmay
4,bussouriel,golanmay
5,yossitaieb,golanmay
6,netanyahu,golanmay
7,arielkallner,golanmay
8,ofirkatzmk,golanmay
9,zoharm7,golanmay
10,izhars7,golanmay
11,yuliedelstein,golanmay
12,ofir_sofer,golanmay
13,ayelet__shaked,golanmay
14,naftalibennett,golanmay
0,gadeermreeh,mkgilon
1,asafzamir,mkgilon
2,mikihaimovich1,mkgilon
3,yairgolan1,mkgilon
4,realrafiperets,mkgilon
5,gantzbe,mkgilon
6,mkmickeylevy,mkgilon
7,ofirakunis,mkgilon
8,avigdorliberman,mkgilon
9,tzachi_hanegbi,mkgilon
10,yoavkisch,mkgilon
11,oded_forer,mkgilon
12,yisraeleichler,mkgilon
13,elazar_stern,mkgilon
14,elicoh1,mkgilon
15,drjabareen,mkgilon
16,bezalelsm,mkgilon
17,dudiamsalem,mkgilon
18,sbyifat,mkgilon
19,taliploskov,mkgilon
20,ayoobkara,mkgilon
21,yakmargi,mkgilon
22,israel_katz,mkgilon
23,steinitz_yuval,mkgilon
24,yoavgallant,mkgilon
25,bogie_yaalon,mkgilon
26,netanyahu,mkgilon
27,avidichter,mkgilon
28,ahmad_tibi,mkgilon
29,gilagamliel,mkgilon
30,meravmichaeli,mkgilon
31,aidatuma,mkgilon
32,yuliedelstein,mkgilon
33,yairlapid,mkgilon
34,ayelet__shaked,mkgilon
35,naftalibennett,mkgilon
36,ishmuli,mkgilon
37,zoharm7,mkgilon
38,regev_miri,mkgilon
39,davidbitan,mkgilon
40,orly_levy,mkgilon
41,osamasaadi63,mkgilon
42,kelharrar,mkgilon
43,ayodeh,mkgilon
44,nitzanhorowitz,mkgilon
45,tamarzandberg,mkgilon
0,malkielim82,eitanginzburg
1,cotlerwunsh,eitanginzburg
2,tehilafriedman,eitanginzburg
3,matankahana,eitanginzburg
4,kushnir_al,eitanginzburg
5,shitrit_keti,eitanginzburg
6,yoavgallant,eitanginzburg
7,avidichter,eitanginzburg
8,tzachi_hanegbi,eitanginzburg
9,meravmichaeli,eitanginzburg
10,yrazvozov,eitanginzburg
11,elazar_stern,eitanginzburg
12,mkorlyfroman,eitanginzburg
13,naftalibennett,eitanginzburg
14,orly_levy,eitanginzburg
15,btoporovsky,eitanginzburg
16,gyevarkan,eitanginzburg
17,steinitz_yuval,eitanginzburg
18,ahmad_tibi,eitanginzburg
19,ayelet__shaked,eitanginzburg
20,gabi_ashkenazi,eitanginzburg
21,omeryankelevitc,eitanginzburg
22,ysegalovitz,eitanginzburg
23,yakmargi,eitanginzburg
24,yairgolan1,eitanginzburg
25,israel_katz,eitanginzburg
26,mkmickeylevy,eitanginzburg
27,elicoh1,eitanginzburg
28,dayanuzi,eitanginzburg
29,yuliamalinovsky,eitanginzburg
30,ofirkatzmk,eitanginzburg
31,ofir_sofer,eitanginzburg
32,mkmeircohen,eitanginzburg
33,avidareli,eitanginzburg
34,ram_ben_barak,eitanginzburg
35,ofirakunis,eitanginzburg
36,tamarzandberg,eitanginzburg
37,kerenbarak,eitanginzburg
38,gadeermreeh,eitanginzburg
39,shlomo_karhi,eitanginzburg
40,sbyifat,eitanginzburg
41,yorailahav,eitanginzburg
42,realrafiperets,eitanginzburg
43,zoharm7,eitanginzburg
44,regev_miri,eitanginzburg
45,avigdorliberman,eitanginzburg
46,pnina_tamano_sh,eitanginzburg
47,yoavkisch,eitanginzburg
48,gilagamliel,eitanginzburg
49,davidbitan,eitanginzburg
50,bezalelsm,eitanginzburg
51,dudiamsalem,eitanginzburg
52,ornabarb,eitanginzburg
53,yuliedelstein,eitanginzburg
54,oded_forer,eitanginzburg
55,bogie_yaalon,eitanginzburg
56,izhars7,eitanginzburg
57,nirbarkat,eitanginzburg
58,kelharrar,eitanginzburg
59,gantzbe,eitanginzburg
60,mikihaimovich1,eitanginzburg
61,asafzamir,eitanginzburg
62,zvihauser,eitanginzburg
63,yoazhendel1,eitanginzburg
64,netanyahu,eitanginzburg
65,idanroll,eitanginzburg
66,nitzanhorowitz,eitanginzburg
67,yairlapid,eitanginzburg
68,ishmuli,eitanginzburg
0,nitzanhorowitz,yoavgallant
1,yuliedelstein,yoavgallant
2,bezalelsm,yoavgallant
3,yoavkisch,yoavgallant
4,zoharm7,yoavgallant
5,sbyifat,yoavgallant
6,avigdorliberman,yoavgallant
7,bogie_yaalon,yoavgallant
8,avidichter,yoavgallant
9,ayodeh,yoavgallant
10,ahmad_tibi,yoavgallant
11,yoazhendel1,yoavgallant
12,tamarzandberg,yoavgallant
13,meravmichaeli,yoavgallant
14,ishmuli,yoavgallant
15,mkgilon,yoavgallant
16,kelharrar,yoavgallant
17,steinitz_yuval,yoavgallant
18,israel_katz,yoavgallant
19,dudiamsalem,yoavgallant
20,davidbitan,yoavgallant
21,regev_miri,yoavgallant
22,ayelet__shaked,yoavgallant
23,naftalibennett,yoavgallant
24,yairlapid,yoavgallant
25,netanyahu,yoavgallant
26,elicoh1,yoavgallant
0,avidichter,gilagamliel
1,mkmickeylevy,gilagamliel
2,ayoobkara,gilagamliel
3,elazar_stern,gilagamliel
4,elicoh1,gilagamliel
5,yakmargi,gilagamliel
6,steinitz_yuval,gilagamliel
7,avigdorliberman,gilagamliel
8,zvihauser,gilagamliel
9,yoavgallant,gilagamliel
10,yairlapid,gilagamliel
11,yoazhendel1,gilagamliel
12,israel_katz,gilagamliel
13,meravmichaeli,gilagamliel
14,tamarzandberg,gilagamliel
15,bogie_yaalon,gilagamliel
16,naftalibennett,gilagamliel
17,ayelet__shaked,gilagamliel
18,yuliedelstein,gilagamliel
19,bezalelsm,gilagamliel
20,orly_levy,gilagamliel
21,sbyifat,gilagamliel
22,davidbitan,gilagamliel
23,dudiamsalem,gilagamliel
24,zoharm7,gilagamliel
25,yoavkisch,gilagamliel
26,kelharrar,gilagamliel
27,ofirakunis,gilagamliel
28,mkgilon,gilagamliel
29,netanyahu,gilagamliel
0,tehilafriedman,gantzbe
1,omeryankelevitc,gantzbe
2,gabi_ashkenazi,gantzbe
3,pnina_tamano_sh,gantzbe
4,eitanginzburg,gantzbe
5,bogie_yaalon,gantzbe
0,pindrosy,dayanuzi
1,cotlerwunsh,dayanuzi
2,malkielim82,dayanuzi
3,haleviamit,dayanuzi
4,yossitaieb,dayanuzi
5,shlomo_karhi,dayanuzi
6,taliploskov,dayanuzi
7,kerenbarak,dayanuzi
8,yakmargi,dayanuzi
9,shevach_shtern,dayanuzi
10,gabi_ashkenazi,dayanuzi
11,yuliedelstein,dayanuzi
12,arielkallner,dayanuzi
13,oded_forer,dayanuzi
14,zvihauser,dayanuzi
15,bezalelsm,dayanuzi
16,ram_ben_barak,dayanuzi
17,naftalibennett,dayanuzi
18,ofirakunis,dayanuzi
19,drjabareen,dayanuzi
20,aidatuma,dayanuzi
21,elazar_stern,dayanuzi
22,ayodeh,dayanuzi
23,ishmuli,dayanuzi
24,nitzanhorowitz,dayanuzi
25,tamarzandberg,dayanuzi
26,meravmichaeli,dayanuzi
27,ayelet__shaked,dayanuzi
28,yoazhendel1,dayanuzi
29,shitrit_keti,dayanuzi
30,bogie_yaalon,dayanuzi
31,yairlapid,dayanuzi
32,nirbarkat,dayanuzi
33,ornabarb,dayanuzi
34,gantzbe,dayanuzi
35,yoavkisch,dayanuzi
36,yoavgallant,dayanuzi
37,avigdorliberman,dayanuzi
38,avidichter,dayanuzi
39,zoharm7,dayanuzi
40,steinitz_yuval,dayanuzi
41,gilagamliel,dayanuzi
42,regev_miri,dayanuzi
43,dudiamsalem,dayanuzi
44,israel_katz,dayanuzi
45,netanyahu,dayanuzi
0,netanyahu,avidichter
0,ram_ben_barak,zvihauser
1,sbyifat,zvihauser
2,cotlerwunsh,zvihauser
3,yuliamalinovsky,zvihauser
4,kushnir_al,zvihauser
5,mkmeircohen,zvihauser
6,avidareli,zvihauser
7,ysegalovitz,zvihauser
8,izhars7,zvihauser
9,eitanginzburg,zvihauser
10,gabi_ashkenazi,zvihauser
11,arielkallner,zvihauser
12,yairgolan1,zvihauser
13,omeryankelevitc,zvihauser
14,yuliedelstein,zvihauser
15,oded_forer,zvihauser
16,gilagamliel,zvihauser
17,elazar_stern,zvihauser
18,kelharrar,zvihauser
19,davidbitan,zvihauser
20,pnina_tamano_sh,zvihauser
21,realrafiperets,zvihauser
22,mikihaimovich1,zvihauser
23,ornabarb,zvihauser
24,asafzamir,zvihauser
25,gantzbe,zvihauser
26,mkorlyfroman,zvihauser
27,orly_levy,zvihauser
28,elicoh1,zvihauser
29,israel_katz,zvihauser
30,bezalelsm,zvihauser
31,steinitz_yuval,zvihauser
32,nitzanhorowitz,zvihauser
33,tamarzandberg,zvihauser
34,bogie_yaalon,zvihauser
35,ishmuli,zvihauser
36,avigdorliberman,zvihauser
37,yairlapid,zvihauser
38,ayelet__shaked,zvihauser
39,naftalibennett,zvihauser
40,yoazhendel1,zvihauser
41,netanyahu,zvihauser
0,avigdorliberman,nitzanhorowitz
1,yairgolan1,nitzanhorowitz
2,asafzamir,nitzanhorowitz
3,gabi_ashkenazi,nitzanhorowitz
4,mkgilon,nitzanhorowitz
5,naftalibennett,nitzanhorowitz
6,ishmuli,nitzanhorowitz
7,ayodeh,nitzanhorowitz
8,zvihauser,nitzanhorowitz
9,yairlapid,nitzanhorowitz
10,meravmichaeli,nitzanhorowitz
11,ahmad_tibi,nitzanhorowitz
12,tamarzandberg,nitzanhorowitz
0,mnsorabbas,haleviamit
1,yuliedelstein,haleviamit
2,zvihauser,haleviamit
3,yoazhendel1,haleviamit
4,ofirkatzmk,haleviamit
5,kerenbarak,haleviamit
6,dayanuzi,haleviamit
7,shitrit_keti,haleviamit
8,shlomo_karhi,haleviamit
9,arielkallner,haleviamit
10,osnathilamark,haleviamit
11,dudiamsalem,haleviamit
12,elicoh1,haleviamit
13,yoavgallant,haleviamit
14,zoharm7,haleviamit
15,israel_katz,haleviamit
16,yoavkisch,haleviamit
17,bezalelsm,haleviamit
18,netanyahu,haleviamit
19,bogie_yaalon,haleviamit
20,davidbitan,haleviamit
21,yairlapid,haleviamit
22,ayelet__shaked,haleviamit
23,avigdorliberman,haleviamit
24,naftalibennett,haleviamit
0,regev_miri,tzachi_hanegbi
1,arielkallner,tzachi_hanegbi
2,steinitz_yuval,tzachi_hanegbi
3,avidichter,tzachi_hanegbi
4,shitrit_keti,tzachi_hanegbi
5,avigdorliberman,tzachi_hanegbi
6,yoazhendel1,tzachi_hanegbi
7,netanyahu,tzachi_hanegbi
8,yuliedelstein,tzachi_hanegbi
0,eitanginzburg,yoazhendel1
1,dudiamsalem,yoazhendel1
2,zoharm7,yoazhendel1
3,gilagamliel,yoazhendel1
4,asafzamir,yoazhendel1
5,mkgilon,yoazhendel1
6,nitzanhorowitz,yoazhendel1
7,davidbitan,yoazhendel1
8,realrafiperets,yoazhendel1
9,ram_ben_barak,yoazhendel1
10,israel_katz,yoazhendel1
11,regev_miri,yoazhendel1
12,btoporovsky,yoazhendel1
13,yorailahav,yoazhendel1
14,ysegalovitz,yoazhendel1
15,gabi_ashkenazi,yoazhendel1
16,mikihaimovich1,yoazhendel1
17,gantzbe,yoazhendel1
18,mosheturpaz,yoazhendel1
19,elazar_stern,yoazhendel1
20,bezalelsm,yoazhendel1
21,ishmuli,yoazhendel1
22,avidichter,yoazhendel1
23,yairlapid,yoazhendel1
24,ayodeh,yoazhendel1
25,tamarzandberg,yoazhendel1
26,ahmad_tibi,yoazhendel1
27,zvihauser,yoazhendel1
28,yoavkisch,yoazhendel1
29,bogie_yaalon,yoazhendel1
30,yuliedelstein,yoazhendel1
31,avigdorliberman,yoazhendel1
32,ayelet__shaked,yoazhendel1
33,meravmichaeli,yoazhendel1
34,naftalibennett,yoazhendel1
0,davidbitan,nissimv
1,netanyahu,nissimv
0,sbyifat,cotlerwunsh
1,davidbitan,cotlerwunsh
2,abutbulm,cotlerwunsh
3,gyevarkan,cotlerwunsh
4,andreykozhinov,cotlerwunsh
5,kushnir_al,cotlerwunsh
6,ofir_sofer,cotlerwunsh
7,arielkallner,cotlerwunsh
8,dayanuzi,cotlerwunsh
9,ettyatia,cotlerwunsh
10,bussouriel,cotlerwunsh
11,mnsorabbas,cotlerwunsh
12,yossitaieb,cotlerwunsh
13,shitrit_keti,cotlerwunsh
14,zoharm7,cotlerwunsh
15,ayodeh,cotlerwunsh
16,nirbarkat,cotlerwunsh
17,yuliedelstein,cotlerwunsh
18,mkgilon,cotlerwunsh
19,matankahana,cotlerwunsh
20,yuliamalinovsky,cotlerwunsh
21,netanyahu,cotlerwunsh
22,yrazvozov,cotlerwunsh
23,gadeermreeh,cotlerwunsh
24,ysegalovitz,cotlerwunsh
25,btoporovsky,cotlerwunsh
26,omeryankelevitc,cotlerwunsh
27,elazar_stern,cotlerwunsh
28,idanroll,cotlerwunsh
29,mkmeircohen,cotlerwunsh
30,yorailahav,cotlerwunsh
31,kelharrar,cotlerwunsh
32,pnina_tamano_sh,cotlerwunsh
33,asafzamir,cotlerwunsh
34,ram_ben_barak,cotlerwunsh
35,eitanginzburg,cotlerwunsh
36,tehilafriedman,cotlerwunsh
37,gabi_ashkenazi,cotlerwunsh
38,mikihaimovich1,cotlerwunsh
39,izhars7,cotlerwunsh
40,ornabarb,cotlerwunsh
41,zvihauser,cotlerwunsh
42,vladimirbeliak,cotlerwunsh
43,mkorlyfroman,cotlerwunsh
44,bogie_yaalon,cotlerwunsh
45,avigdorliberman,cotlerwunsh
46,yoazhendel1,cotlerwunsh
47,ayelet__shaked,cotlerwunsh
48,yairlapid,cotlerwunsh
49,gantzbe,cotlerwunsh
50,ishmuli,cotlerwunsh
51,tzachi_hanegbi,cotlerwunsh
52,naftalibennett,cotlerwunsh
53,bezalelsm,cotlerwunsh
54,tamarzandberg,cotlerwunsh
55,meravmichaeli,cotlerwunsh
0,pnina_tamano_sh,rutilande
1,ettyatia,rutilande
2,vladimirbeliak,rutilande
3,cotlerwunsh,rutilande
4,izhars7,rutilande
5,mksondos,rutilande
6,khatib_eman,rutilande
7,mnsorabbas,rutilande
8,eitanginzburg,rutilande
9,mkorlyfroman,rutilande
10,ayodeh,rutilande
11,gabi_ashkenazi,rutilande
12,bogie_yaalon,rutilande
13,mikihaimovich1,rutilande
14,gantzbe,rutilande
15,sbyifat,rutilande
16,zvihauser,rutilande
17,yoazhendel1,rutilande
18,avigdorliberman,rutilande
19,naftalibennett,rutilande
20,ahmad_tibi,rutilande
21,avidichter,rutilande
22,netanyahu,rutilande
0,pindrosy,zoharm7
1,shitrit_keti,zoharm7
2,elicoh1,zoharm7
3,orly_levy,zoharm7
4,gyevarkan,zoharm7
5,shlomo_karhi,zoharm7
6,ysegalovitz,zoharm7
7,ofirkatzmk,zoharm7
8,sbyifat,zoharm7
9,kelharrar,zoharm7
10,elazar_stern,zoharm7
11,israel_katz,zoharm7
12,davidbitan,zoharm7
13,aidatuma,zoharm7
14,oded_forer,zoharm7
15,yoavgallant,zoharm7
16,golanmay,zoharm7
17,kerenbarak,zoharm7
18,zvihauser,zoharm7
19,gabi_ashkenazi,zoharm7
20,mkgilon,zoharm7
21,nitzanhorowitz,zoharm7
22,realrafiperets,zoharm7
23,mikihaimovich1,zoharm7
24,gantzbe,zoharm7
25,pnina_tamano_sh,zoharm7
26,dudiamsalem,zoharm7
27,bezalelsm,zoharm7
28,ishmuli,zoharm7
29,gilagamliel,zoharm7
30,yoavkisch,zoharm7
31,yairlapid,zoharm7
32,avigdorliberman,zoharm7
33,bogie_yaalon,zoharm7
34,ayelet__shaked,zoharm7
35,regev_miri,zoharm7
36,tamarzandberg,zoharm7
37,ahmad_tibi,zoharm7
38,avidichter,zoharm7
39,naftalibennett,zoharm7
40,yoazhendel1,zoharm7
41,meravmichaeli,zoharm7
42,netanyahu,zoharm7
43,yuliedelstein,zoharm7
44,ofirakunis,zoharm7
0,eitanginzburg,asafzamir
1,ysegalovitz,asafzamir
2,gabi_ashkenazi,asafzamir
3,ayodeh,asafzamir
4,zoharm7,asafzamir
5,mikihaimovich1,asafzamir
6,netanyahu,asafzamir
7,ahmad_tibi,asafzamir
8,regev_miri,asafzamir
9,oded_forer,asafzamir
10,bezalelsm,asafzamir
11,davidbitan,asafzamir
12,israel_katz,asafzamir
13,naftalibennett,asafzamir
14,kelharrar,asafzamir
15,dudiamsalem,asafzamir
16,ishmuli,asafzamir
17,izhars7,asafzamir
18,gantzbe,asafzamir
19,vladimirbeliak,asafzamir
20,bogie_yaalon,asafzamir
21,nirbarkat,asafzamir
22,tamarzandberg,asafzamir
23,yoazhendel1,asafzamir
24,zvihauser,asafzamir
25,nitzanhorowitz,asafzamir
26,meravmichaeli,asafzamir
27,avigdorliberman,asafzamir
28,yairlapid,asafzamir
0,vladimirbeliak,tamarzandberg
1,aidatuma,tamarzandberg
2,mkmeircohen,tamarzandberg
3,yairlapid,tamarzandberg
4,ornabarb,tamarzandberg
5,saeedalkhrumi,tamarzandberg
6,yairgolan1,tamarzandberg
7,yoazhendel1,tamarzandberg
8,orly_levy,tamarzandberg
9,bezalelsm,tamarzandberg
10,mkgilon,tamarzandberg
11,ishmuli,tamarzandberg
12,zvihauser,tamarzandberg
13,kelharrar,tamarzandberg
14,davidbitan,tamarzandberg
15,ayelet__shaked,tamarzandberg
16,regev_miri,tamarzandberg
17,ayodeh,tamarzandberg
18,meravmichaeli,tamarzandberg
19,ahmad_tibi,tamarzandberg
20,nitzanhorowitz,tamarzandberg
0,shahadehabou,khatib_eman
1,mnsorabbas,khatib_eman
2,ofercass,khatib_eman
3,waleedt68,khatib_eman
0,elazar_stern,mikihaimovich1
1,omeryankelevitc,mikihaimovich1
2,ysegalovitz,mikihaimovich1
3,eitanginzburg,mikihaimovich1
4,yairgolan1,mikihaimovich1
5,btoporovsky,mikihaimovich1
6,ayodeh,mikihaimovich1
7,mkorlyfroman,mikihaimovich1
8,gabi_ashkenazi,mikihaimovich1
9,avidareli,mikihaimovich1
10,idanroll,mikihaimovich1
11,yorailahav,mikihaimovich1
12,ornabarb,mikihaimovich1
13,ayelet__shaked,mikihaimovich1
14,naftalibennett,mikihaimovich1
15,regev_miri,mikihaimovich1
16,asafzamir,mikihaimovich1
17,netanyahu,mikihaimovich1
18,yairlapid,mikihaimovich1
19,bogie_yaalon,mikihaimovich1
20,zvihauser,mikihaimovich1
21,yoazhendel1,mikihaimovich1
22,gantzbe,mikihaimovich1
0,eitanginzburg,waleedt68
1,gabi_ashkenazi,waleedt68
2,izhars7,waleedt68
3,mksondos,waleedt68
4,nirbarkat,waleedt68
5,israel_katz,waleedt68
6,khatib_eman,waleedt68
7,gyevarkan,waleedt68
8,yuliamalinovsky,waleedt68
9,ettyatia,waleedt68
10,shitrit_keti,waleedt68
11,mkorlyfroman,waleedt68
12,tzachi_hanegbi,waleedt68
13,taliploskov,waleedt68
14,sbyifat,waleedt68
15,elicoh1,waleedt68
16,mkmeircohen,waleedt68
17,idanroll,waleedt68
18,mkmickeylevy,waleedt68
19,orly_levy,waleedt68
20,shahadehabou,waleedt68
21,ram_ben_barak,waleedt68
22,pnina_tamano_sh,waleedt68
23,gadeermreeh,waleedt68
24,realrafiperets,waleedt68
25,yakmargi,waleedt68
26,asaqla,waleedt68
27,osamasaadi63,waleedt68
28,hebayazbak,waleedt68
29,drjabareen,waleedt68
30,mikihaimovich1,waleedt68
31,yairgolan1,waleedt68
32,aidatuma,waleedt68
33,ofercass,waleedt68
34,gantzbe,waleedt68
35,kelharrar,waleedt68
36,mkgilon,waleedt68
37,yoazhendel1,waleedt68
38,zoharm7,waleedt68
39,davidbitan,waleedt68
40,dudiamsalem,waleedt68
41,bogie_yaalon,waleedt68
42,regev_miri,waleedt68
43,yuliedelstein,waleedt68
44,ayelet__shaked,waleedt68
45,bezalelsm,waleedt68
46,nitzanhorowitz,waleedt68
47,ayodeh,waleedt68
48,ishmuli,waleedt68
49,meravmichaeli,waleedt68
50,tamarzandberg,waleedt68
51,avigdorliberman,waleedt68
52,naftalibennett,waleedt68
53,yairlapid,waleedt68
54,mtanesshihadeh,waleedt68
55,saeedalkhrumi,waleedt68
56,ahmad_tibi,waleedt68
57,netanyahu,waleedt68
58,mnsorabbas,waleedt68
0,mosheturpaz,btoporovsky
1,israel_katz,btoporovsky
2,regev_miri,btoporovsky
3,ornabarb,btoporovsky
4,asafzamir,btoporovsky
5,gadeermreeh,btoporovsky
6,malkielim82,btoporovsky
7,mkorlyfroman,btoporovsky
8,yorailahav,btoporovsky
9,idanroll,btoporovsky
10,yrazvozov,btoporovsky
11,andreykozhinov,btoporovsky
12,avidareli,btoporovsky
13,yakmargi,btoporovsky
14,netanyahu,btoporovsky
15,shlomo_karhi,btoporovsky
16,naftalibennett,btoporovsky
17,mkmeircohen,btoporovsky
18,oded_forer,btoporovsky
19,mikihaimovich1,btoporovsky
20,ysegalovitz,btoporovsky
21,zvihauser,btoporovsky
22,ishmuli,btoporovsky
23,eitanginzburg,btoporovsky
24,ram_ben_barak,btoporovsky
25,gabi_ashkenazi,btoporovsky
26,yairgolan1,btoporovsky
27,kelharrar,btoporovsky
28,elazar_stern,btoporovsky
29,bezalelsm,btoporovsky
30,yairlapid,btoporovsky
31,gantzbe,btoporovsky
32,bogie_yaalon,btoporovsky
33,tamarzandberg,btoporovsky
0,ysegalovitz,mosheturpaz
1,mkmickeylevy,mosheturpaz
2,yorailahav,mosheturpaz
3,mkmeircohen,mosheturpaz
4,idanroll,mosheturpaz
5,btoporovsky,mosheturpaz
6,nirbarkat,mosheturpaz
7,vladimirbeliak,mosheturpaz
8,yoavgallant,mosheturpaz
9,omeryankelevitc,mosheturpaz
10,asafzamir,mosheturpaz
11,ornabarb,mosheturpaz
12,gabi_ashkenazi,mosheturpaz
13,ram_ben_barak,mosheturpaz
14,zvihauser,mosheturpaz
15,gantzbe,mosheturpaz
16,tehilafriedman,mosheturpaz
17,dudiamsalem,mosheturpaz
18,yoavkisch,mosheturpaz
19,mkgilon,mosheturpaz
20,kelharrar,mosheturpaz
21,elazar_stern,mosheturpaz
22,orly_levy,mosheturpaz
23,yuliedelstein,mosheturpaz
24,meravmichaeli,mosheturpaz
25,tamarzandberg,mosheturpaz
26,ayelet__shaked,mosheturpaz
27,avigdorliberman,mosheturpaz
28,yoazhendel1,mosheturpaz
29,ishmuli,mosheturpaz
30,regev_miri,mosheturpaz
31,bogie_yaalon,mosheturpaz
32,naftalibennett,mosheturpaz
33,netanyahu,mosheturpaz
34,ahmad_tibi,mosheturpaz
35,bezalelsm,mosheturpaz
36,nitzanhorowitz,mosheturpaz
37,yairlapid,mosheturpaz
0,eitanginzburg,ahmad_tibi
1,izhars7,ahmad_tibi
2,shahadehabou,ahmad_tibi
3,drjabareen,ahmad_tibi
4,hebayazbak,ahmad_tibi
5,ofercass,ahmad_tibi
6,kerenbarak,ahmad_tibi
7,mksondos,ahmad_tibi
8,zoharm7,ahmad_tibi
9,gantzbe,ahmad_tibi
10,gabi_ashkenazi,ahmad_tibi
11,aidatuma,ahmad_tibi
12,mkgilon,ahmad_tibi
13,saeedalkhrumi,ahmad_tibi
14,nitzanhorowitz,ahmad_tibi
15,davidbitan,ahmad_tibi
16,yoazhendel1,ahmad_tibi
17,dudiamsalem,ahmad_tibi
18,netanyahu,ahmad_tibi
19,regev_miri,ahmad_tibi
20,ishmuli,ahmad_tibi
21,ayelet__shaked,ahmad_tibi
22,naftalibennett,ahmad_tibi
23,ayodeh,ahmad_tibi
24,osamasaadi63,ahmad_tibi
25,yairlapid,ahmad_tibi
26,tamarzandberg,ahmad_tibi
27,meravmichaeli,ahmad_tibi
28,yuliedelstein,ahmad_tibi
0,cotlerwunsh,yossitaieb
1,shahadehabou,yossitaieb
2,tehilafriedman,yossitaieb
3,golanmay,yossitaieb
4,kushnir_al,yossitaieb
5,ofir_sofer,yossitaieb
6,yorailahav,yossitaieb
7,malkielim82,yossitaieb
8,ofirkatzmk,yossitaieb
9,dayanuzi,yossitaieb
10,abutbulm,yossitaieb
11,bussouriel,yossitaieb
12,netanyahu,yossitaieb
0,malkielim82,gyevarkan
1,dudiamsalem,gyevarkan
2,netanyahu,gyevarkan
3,naftalibennett,gyevarkan
4,oded_forer,gyevarkan
5,ofir_sofer,gyevarkan
6,ofirkatzmk,gyevarkan
7,izhars7,gyevarkan
8,vladimirbeliak,gyevarkan
9,yoavkisch,gyevarkan
10,zoharm7,gyevarkan
11,ishmuli,gyevarkan
12,nitzanhorowitz,gyevarkan
13,yuliedelstein,gyevarkan
14,ayelet__shaked,gyevarkan
15,eitanginzburg,gyevarkan
16,osamasaadi63,gyevarkan
17,orly_levy,gyevarkan
18,ornabarb,gyevarkan
19,shlomo_karhi,gyevarkan
20,israel_katz,gyevarkan
21,steinitz_yuval,gyevarkan
22,yoavgallant,gyevarkan
23,mkmeircohen,gyevarkan
24,ram_ben_barak,gyevarkan
25,yuliamalinovsky,gyevarkan
26,mtanesshihadeh,gyevarkan
27,yairgolan1,gyevarkan
28,matankahana,gyevarkan
29,mkorlyfroman,gyevarkan
30,realrafiperets,gyevarkan
31,btoporovsky,gyevarkan
32,ettyatia,gyevarkan
33,ysegalovitz,gyevarkan
34,gabi_ashkenazi,gyevarkan
35,yrazvozov,gyevarkan
36,yoazhendel1,gyevarkan
37,bezalelsm,gyevarkan
38,zvihauser,gyevarkan
39,mikihaimovich1,gyevarkan
40,asafzamir,gyevarkan
41,kelharrar,gyevarkan
42,pnina_tamano_sh,gyevarkan
43,bogie_yaalon,gyevarkan
44,yairlapid,gyevarkan
45,gantzbe,gyevarkan
0,nissimv,mattiyogev
1,elazar_stern,mattiyogev
2,shitrit_keti,mattiyogev
3,mkgilon,mattiyogev
4,tamarzandberg,mattiyogev
5,orly_levy,mattiyogev
6,yoazhendel1,mattiyogev
7,bogie_yaalon,mattiyogev
8,avidareli,mattiyogev
9,avidichter,mattiyogev
10,sbyifat,mattiyogev
11,zvihauser,mattiyogev
12,nitzanhorowitz,mattiyogev
13,meravmichaeli,mattiyogev
14,ishmuli,mattiyogev
15,nirbarkat,mattiyogev
16,yuliedelstein,mattiyogev
17,steinitz_yuval,mattiyogev
18,yoavgallant,mattiyogev
19,israel_katz,mattiyogev
20,gilagamliel,mattiyogev
21,yoavkisch,mattiyogev
22,davidbitan,mattiyogev
23,zoharm7,mattiyogev
24,gabi_ashkenazi,mattiyogev
25,yairgolan1,mattiyogev
26,asafzamir,mattiyogev
27,eitanginzburg,mattiyogev
28,ofirkatzmk,mattiyogev
29,arielkallner,mattiyogev
30,haleviamit,mattiyogev
31,bussouriel,mattiyogev
32,abutbulm,mattiyogev
33,elicoh1,mattiyogev
34,dudiamsalem,mattiyogev
35,ayoobkara,mattiyogev
36,kerenbarak,mattiyogev
37,shlomo_karhi,mattiyogev
38,avigdorliberman,mattiyogev
39,gantzbe,mattiyogev
40,netanyahu,mattiyogev
41,naftalibennett,mattiyogev
42,ayelet__shaked,mattiyogev
43,regev_miri,mattiyogev
44,yairlapid,mattiyogev
45,bezalelsm,mattiyogev
0,ahmad_tibi,hebayazbak
1,ishmuli,hebayazbak
2,ofercass,hebayazbak
3,khatib_eman,hebayazbak
4,mksondos,hebayazbak
5,asaqla,hebayazbak
6,mnsorabbas,hebayazbak
7,ayodeh,hebayazbak
8,shahadehabou,hebayazbak
9,mtanesshihadeh,hebayazbak
10,drjabareen,hebayazbak
11,aidatuma,hebayazbak
12,meravmichaeli,hebayazbak
13,netanyahu,hebayazbak
0,matankahana,omeryankelevitc
1,malkielim82,omeryankelevitc
2,ofir_sofer,omeryankelevitc
3,yrazvozov,omeryankelevitc
4,ysegalovitz,omeryankelevitc
5,kerenbarak,omeryankelevitc
6,gabi_ashkenazi,omeryankelevitc
7,realrafiperets,omeryankelevitc
8,nitzanhorowitz,omeryankelevitc
9,oded_forer,omeryankelevitc
10,avidareli,omeryankelevitc
11,tzachi_hanegbi,omeryankelevitc
12,elazar_stern,omeryankelevitc
13,btoporovsky,omeryankelevitc
14,arielkallner,omeryankelevitc
15,yairlapid,omeryankelevitc
16,mikihaimovich1,omeryankelevitc
17,gyevarkan,omeryankelevitc
18,mkmeircohen,omeryankelevitc
19,idanroll,omeryankelevitc
20,asafzamir,omeryankelevitc
21,pnina_tamano_sh,omeryankelevitc
22,bogie_yaalon,omeryankelevitc
23,ram_ben_barak,omeryankelevitc
24,eitanginzburg,omeryankelevitc
25,ornabarb,omeryankelevitc
26,yorailahav,omeryankelevitc
27,izhars7,omeryankelevitc
28,gantzbe,omeryankelevitc
29,zvihauser,omeryankelevitc
30,bezalelsm,omeryankelevitc
31,kelharrar,omeryankelevitc
32,yuliedelstein,omeryankelevitc
33,ishmuli,omeryankelevitc
34,dudiamsalem,omeryankelevitc
35,nirbarkat,omeryankelevitc
36,zoharm7,omeryankelevitc
37,israel_katz,omeryankelevitc
38,gilagamliel,omeryankelevitc
39,davidbitan,omeryankelevitc
40,steinitz_yuval,omeryankelevitc
41,avidichter,omeryankelevitc
42,orly_levy,omeryankelevitc
43,ayodeh,omeryankelevitc
44,yakmargi,omeryankelevitc
45,yoavgallant,omeryankelevitc
46,yoazhendel1,omeryankelevitc
47,tamarzandberg,omeryankelevitc
0,mkgilon,bogie_yaalon
1,aidatuma,bogie_yaalon
2,drjabareen,bogie_yaalon
3,saeedalkhrumi,bogie_yaalon
4,waleedt68,bogie_yaalon
5,khatib_eman,bogie_yaalon
6,mksondos,bogie_yaalon
7,asaqla,bogie_yaalon
8,shahadehabou,bogie_yaalon
9,mtanesshihadeh,bogie_yaalon
10,hebayazbak,bogie_yaalon
11,mnsorabbas,bogie_yaalon
12,nissimv,bogie_yaalon
13,haleviamit,bogie_yaalon
14,osnathilamark,bogie_yaalon
15,arielkallner,bogie_yaalon
16,dayanuzi,bogie_yaalon
17,ofirkatzmk,bogie_yaalon
18,shitrit_keti,bogie_yaalon
19,kerenbarak,bogie_yaalon
20,mkorlyfroman,bogie_yaalon
21,mkmeircohen,bogie_yaalon
22,eitanginzburg,bogie_yaalon
23,btoporovsky,bogie_yaalon
24,ysegalovitz,bogie_yaalon
25,ram_ben_barak,bogie_yaalon
26,ornabarb,bogie_yaalon
27,gabi_ashkenazi,bogie_yaalon
28,nitzanhorowitz,bogie_yaalon
29,tamarzandberg,bogie_yaalon
30,meravmichaeli,bogie_yaalon
31,avigdorliberman,bogie_yaalon
32,davidbitan,bogie_yaalon
33,yuliedelstein,bogie_yaalon
34,yoavkisch,bogie_yaalon
35,israel_katz,bogie_yaalon
36,yoavgallant,bogie_yaalon
37,regev_miri,bogie_yaalon
38,bezalelsm,bogie_yaalon
39,dudiamsalem,bogie_yaalon
40,zoharm7,bogie_yaalon
41,malkielim82,bogie_yaalon
42,rutilande,bogie_yaalon
43,izhars7,bogie_yaalon
44,tehilafriedman,bogie_yaalon
45,mikihaimovich1,bogie_yaalon
46,asafzamir,bogie_yaalon
47,gantzbe,bogie_yaalon
48,gilagamliel,bogie_yaalon
49,ayelet__shaked,bogie_yaalon
50,zvihauser,bogie_yaalon
51,naftalibennett,bogie_yaalon
52,yairlapid,bogie_yaalon
53,yoazhendel1,bogie_yaalon
0,sbyifat,elicoh1
1,arielkallner,elicoh1
2,dudiamsalem,elicoh1
3,ofirkatzmk,elicoh1
4,fateenmulla,elicoh1
5,kerenbarak,elicoh1
6,israel_katz,elicoh1
7,gilagamliel,elicoh1
8,oded_forer,elicoh1
9,yairlapid,elicoh1
10,davidbitan,elicoh1
11,ayelet__shaked,elicoh1
12,yoavgallant,elicoh1
13,shlomo_karhi,elicoh1
14,avidichter,elicoh1
15,zoharm7,elicoh1
16,regev_miri,elicoh1
17,zvihauser,elicoh1
18,netanyahu,elicoh1
0,gadeermreeh,mkmeircohen
1,tamarzandberg,mkmeircohen
2,mkmickeylevy,mkmeircohen
3,yrazvozov,mkmeircohen
4,ysegalovitz,mkmeircohen
5,btoporovsky,mkmeircohen
6,ram_ben_barak,mkmeircohen
7,eitanginzburg,mkmeircohen
8,izhars7,mkmeircohen
9,ornabarb,mkmeircohen
10,yorailahav,mkmeircohen
11,idanroll,mkmeircohen
12,gantzbe,mkmeircohen
13,yoazhendel1,mkmeircohen
14,pnina_tamano_sh,mkmeircohen
15,regev_miri,mkmeircohen
16,naftalibennett,mkmeircohen
17,kelharrar,mkmeircohen
18,yairlapid,mkmeircohen
19,meravmichaeli,mkmeircohen
20,avigdorliberman,mkmeircohen
21,ahmad_tibi,mkmeircohen
22,ayodeh,mkmeircohen
23,yuliedelstein,mkmeircohen
24,bogie_yaalon,mkmeircohen
25,zvihauser,mkmeircohen
0,cotlerwunsh,matankahana
1,ishmuli,matankahana
2,orly_levy,matankahana
3,ram_ben_barak,matankahana
4,gantzbe,matankahana
5,zvihauser,matankahana
6,ayodeh,matankahana
7,tamarzandberg,matankahana
8,netanyahu,matankahana
9,ornabarb,matankahana
10,mkorlyfroman,matankahana
11,meravmichaeli,matankahana
12,bogie_yaalon,matankahana
13,ofir_sofer,matankahana
14,asafzamir,matankahana
15,idanroll,matankahana
16,davidbitan,matankahana
17,yoavkisch,matankahana
18,bezalelsm,matankahana
19,ayelet__shaked,matankahana
20,naftalibennett,matankahana
0,avidareli,gadeermreeh
1,mkmeircohen,gadeermreeh
2,mkgilon,gadeermreeh
3,matankahana,gadeermreeh
4,vladimirbeliak,gadeermreeh
5,yrazvozov,gadeermreeh
6,yairgolan1,gadeermreeh
7,elicoh1,gadeermreeh
8,avidichter,gadeermreeh
9,gilagamliel,gadeermreeh
10,kelharrar,gadeermreeh
11,israel_katz,gadeermreeh
12,yoavgallant,gadeermreeh
13,avigdorliberman,gadeermreeh
14,tamarzandberg,gadeermreeh
15,ishmuli,gadeermreeh
16,dayanuzi,gadeermreeh
17,drjabareen,gadeermreeh
18,aidatuma,gadeermreeh
19,btoporovsky,gadeermreeh
20,sbyifat,gadeermreeh
21,elazar_stern,gadeermreeh
22,asafzamir,gadeermreeh
23,mkorlyfroman,gadeermreeh
24,realrafiperets,gadeermreeh
25,eitanginzburg,gadeermreeh
26,yorailahav,gadeermreeh
27,idanroll,gadeermreeh
28,mikihaimovich1,gadeermreeh
29,pnina_tamano_sh,gadeermreeh
30,ysegalovitz,gadeermreeh
31,davidbitan,gadeermreeh
32,dudiamsalem,gadeermreeh
33,zoharm7,gadeermreeh
34,yoavkisch,gadeermreeh
35,regev_miri,gadeermreeh
36,yuliedelstein,gadeermreeh
37,meravmichaeli,gadeermreeh
38,ofirakunis,gadeermreeh
39,ayelet__shaked,gadeermreeh
40,bezalelsm,gadeermreeh
41,bogie_yaalon,gadeermreeh
42,zvihauser,gadeermreeh
43,gabi_ashkenazi,gadeermreeh
44,ram_ben_barak,gadeermreeh
45,ornabarb,gadeermreeh
46,mkmickeylevy,gadeermreeh
47,orly_levy,gadeermreeh
48,ayodeh,gadeermreeh
49,ahmad_tibi,gadeermreeh
50,gantzbe,gadeermreeh
51,nitzanhorowitz,gadeermreeh
52,yoazhendel1,gadeermreeh
53,ayoobkara,gadeermreeh
54,naftalibennett,gadeermreeh
55,yairlapid,gadeermreeh
56,netanyahu,gadeermreeh
0,oded_forer,anatknafo
1,meravmichaeli,anatknafo
2,bogie_yaalon,anatknafo
3,gantzbe,anatknafo
4,dudiamsalem,anatknafo
5,avigdorliberman,anatknafo
6,regev_miri,anatknafo
7,naftalibennett,anatknafo
8,ayelet__shaked,anatknafo
9,yairlapid,anatknafo
10,nitzanhorowitz,anatknafo
0,osamasaadi63,ofercass
1,mkmickeylevy,ofercass
2,omeryankelevitc,ofercass
3,ayodeh,ofercass
4,tamarzandberg,ofercass
5,nitzanhorowitz,ofercass
6,aidatuma,ofercass
0,nissimv,ofirkatzmk
1,btoporovsky,ofirkatzmk
2,kushnir_al,ofirkatzmk
3,haleviamit,ofirkatzmk
4,yossitaieb,ofirkatzmk
5,mkmickeylevy,ofirkatzmk
6,fateenmulla,ofirkatzmk
7,yairgolan1,ofirkatzmk
8,gyevarkan,ofirkatzmk
9,matankahana,ofirkatzmk
10,kelharrar,ofirkatzmk
11,elazar_stern,ofirkatzmk
12,orly_levy,ofirkatzmk
13,osnathilamark,ofirkatzmk
14,yakmargi,ofirkatzmk
15,tzachi_hanegbi,ofirkatzmk
16,oded_forer,ofirkatzmk
17,yuliamalinovsky,ofirkatzmk
18,mkorlyfroman,ofirkatzmk
19,nitzanhorowitz,ofirkatzmk
20,golanmay,ofirkatzmk
21,kerenbarak,ofirkatzmk
22,eitanginzburg,ofirkatzmk
23,idanroll,ofirkatzmk
24,yorailahav,ofirkatzmk
25,pnina_tamano_sh,ofirkatzmk
26,ysegalovitz,ofirkatzmk
27,elicoh1,ofirkatzmk
28,arielkallner,ofirkatzmk
29,mkmeircohen,ofirkatzmk
30,omeryankelevitc,ofirkatzmk
31,gabi_ashkenazi,ofirkatzmk
32,dayanuzi,ofirkatzmk
33,asafzamir,ofirkatzmk
34,izhars7,ofirkatzmk
35,ettyatia,ofirkatzmk
36,ofir_sofer,ofirkatzmk
37,mkgilon,ofirkatzmk
38,ofercass,ofirkatzmk
39,nirbarkat,ofirkatzmk
40,sbyifat,ofirkatzmk
41,steinitz_yuval,ofirkatzmk
42,ram_ben_barak,ofirkatzmk
43,mikihaimovich1,ofirkatzmk
44,ornabarb,ofirkatzmk
45,realrafiperets,ofirkatzmk
46,ahmad_tibi,ofirkatzmk
47,gilagamliel,ofirkatzmk
48,ayodeh,ofirkatzmk
49,shlomo_karhi,ofirkatzmk
50,gantzbe,ofirkatzmk
51,shitrit_keti,ofirkatzmk
52,israel_katz,ofirkatzmk
53,yoavgallant,ofirkatzmk
54,ayoobkara,ofirkatzmk
55,avigdorliberman,ofirkatzmk
56,bezalelsm,ofirkatzmk
57,ishmuli,ofirkatzmk
58,yuliedelstein,ofirkatzmk
59,ofirakunis,ofirkatzmk
60,regev_miri,ofirkatzmk
61,yoavkisch,ofirkatzmk
62,davidbitan,ofirkatzmk
63,dudiamsalem,ofirkatzmk
64,yairlapid,ofirkatzmk
65,ayelet__shaked,ofirkatzmk
66,yoazhendel1,ofirkatzmk
67,naftalibennett,ofirkatzmk
68,bogie_yaalon,ofirkatzmk
69,meravmichaeli,ofirkatzmk
70,tamarzandberg,ofirkatzmk
71,avidichter,ofirkatzmk
72,zvihauser,ofirkatzmk
73,zoharm7,ofirkatzmk
74,netanyahu,ofirkatzmk
0,netanyahu,israel_katz
1,yakmargi,israel_katz
2,steinitz_yuval,israel_katz
3,yoazhendel1,israel_katz
0,yairgolan1,yorailahav
1,golanmay,yorailahav
2,arielkallner,yorailahav
3,yossitaieb,yorailahav
4,yoavkisch,yorailahav
5,sbyifat,yorailahav
6,meravmichaeli,yorailahav
7,gabi_ashkenazi,yorailahav
8,mksondos,yorailahav
9,yrazvozov,yorailahav
10,izhars7,yorailahav
11,gadeermreeh,yorailahav
12,cotlerwunsh,yorailahav
13,mkorlyfroman,yorailahav
14,mkmickeylevy,yorailahav
15,ysegalovitz,yorailahav
16,avidareli,yorailahav
17,shitrit_keti,yorailahav
18,yuliamalinovsky,yorailahav
19,elazar_stern,yorailahav
20,matankahana,yorailahav
21,nitzanhorowitz,yorailahav
22,ofir_sofer,yorailahav
23,ofirkatzmk,yorailahav
24,kerenbarak,yorailahav
25,mosheturpaz,yorailahav
26,ram_ben_barak,yorailahav
27,eitanginzburg,yorailahav
28,realrafiperets,yorailahav
29,asafzamir,yorailahav
30,btoporovsky,yorailahav
31,mkmeircohen,yorailahav
32,ornabarb,yorailahav
33,yuliedelstein,yorailahav
34,mikihaimovich1,yorailahav
35,osnathilamark,yorailahav
36,yoazhendel1,yorailahav
37,bezalelsm,yorailahav
38,pnina_tamano_sh,yorailahav
39,bogie_yaalon,yorailahav
40,ishmuli,yorailahav
41,kelharrar,yorailahav
42,gantzbe,yorailahav
43,vladimirbeliak,yorailahav
44,regev_miri,yorailahav
45,idanroll,yorailahav
46,netanyahu,yorailahav
47,ayelet__shaked,yorailahav
48,yairlapid,yorailahav
49,naftalibennett,yorailahav
50,ayodeh,yorailahav
51,avigdorliberman,yorailahav
0,vladimirbeliak,mkmickeylevy
1,yuliamalinovsky,mkmickeylevy
2,aidatuma,mkmickeylevy
3,gyevarkan,mkmickeylevy
4,kerenbarak,mkmickeylevy
5,zoharm7,mkmickeylevy
6,izhars7,mkmickeylevy
7,ysegalovitz,mkmickeylevy
8,yuliedelstein,mkmickeylevy
9,pnina_tamano_sh,mkmickeylevy
10,mikihaimovich1,mkmickeylevy
11,avidareli,mkmickeylevy
12,btoporovsky,mkmickeylevy
13,gadeermreeh,mkmickeylevy
14,ram_ben_barak,mkmickeylevy
15,mkmeircohen,mkmickeylevy
16,idanroll,mkmickeylevy
17,ornabarb,mkmickeylevy
18,yorailahav,mkmickeylevy
19,mkorlyfroman,mkmickeylevy
20,eitanginzburg,mkmickeylevy
21,yakmargi,mkmickeylevy
22,osamasaadi63,mkmickeylevy
23,tzachi_hanegbi,mkmickeylevy
24,taliploskov,mkmickeylevy
25,elicoh1,mkmickeylevy
26,oded_forer,mkmickeylevy
27,sbyifat,mkmickeylevy
28,dudiamsalem,mkmickeylevy
29,avidichter,mkmickeylevy
30,davidbitan,mkmickeylevy
31,bogie_yaalon,mkmickeylevy
32,netanyahu,mkmickeylevy
33,ayodeh,mkmickeylevy
34,gabi_ashkenazi,mkmickeylevy
35,gantzbe,mkmickeylevy
36,elazar_stern,mkmickeylevy
37,omeryankelevitc,mkmickeylevy
38,asaqla,mkmickeylevy
39,yairgolan1,mkmickeylevy
40,yrazvozov,mkmickeylevy
41,drjabareen,mkmickeylevy
42,kushnir_al,mkmickeylevy
43,zvihauser,mkmickeylevy
44,ahmad_tibi,mkmickeylevy
45,asafzamir,mkmickeylevy
46,meravmichaeli,mkmickeylevy
47,gilagamliel,mkmickeylevy
48,kelharrar,mkmickeylevy
49,yoavkisch,mkmickeylevy
50,orly_levy,mkmickeylevy
51,avigdorliberman,mkmickeylevy
52,ishmuli,mkmickeylevy
53,nitzanhorowitz,mkmickeylevy
54,mkgilon,mkmickeylevy
55,tamarzandberg,mkmickeylevy
56,yoazhendel1,mkmickeylevy
57,yairlapid,mkmickeylevy
58,naftalibennett,mkmickeylevy
59,ayelet__shaked,mkmickeylevy
60,regev_miri,mkmickeylevy
61,bezalelsm,mkmickeylevy
0,davidbitan,orly_levy
1,malkielim82,orly_levy
2,israel_katz,orly_levy
3,yairlapid,orly_levy
4,dudiamsalem,orly_levy
5,yoazhendel1,orly_levy
6,bogie_yaalon,orly_levy
7,meravmichaeli,orly_levy
8,kelharrar,orly_levy
9,ishmuli,orly_levy
10,mkgilon,orly_levy
11,avigdorliberman,orly_levy
0,evgenysova,avigdorliberman
1,avidareli,avigdorliberman
2,yuliamalinovsky,avigdorliberman
3,tamarzandberg,avigdorliberman
4,meravmichaeli,avigdorliberman
5,bogie_yaalon,avigdorliberman
6,ayodeh,avigdorliberman
7,regev_miri,avigdorliberman
8,ayelet__shaked,avigdorliberman
9,yairlapid,avigdorliberman
10,naftalibennett,avigdorliberman
11,netanyahu,avigdorliberman
12,yuliedelstein,avigdorliberman
0,yrazvozov,yairlapid
1,ahmad_tibi,yairlapid
2,ofirakunis,yairlapid
3,ysegalovitz,yairlapid
4,gabi_ashkenazi,yairlapid
5,gadeermreeh,yairlapid
6,yorailahav,yairlapid
7,elazar_stern,yairlapid
8,ram_ben_barak,yairlapid
9,ayodeh,yairlapid
10,meravmichaeli,yairlapid
11,bogie_yaalon,yairlapid
12,avigdorliberman,yairlapid
13,naftalibennett,yairlapid
14,ayelet__shaked,yairlapid
15,ishmuli,yairlapid
16,mkmickeylevy,yairlapid
17,kelharrar,yairlapid
18,yoazhendel1,yairlapid
0,bussouriel,osnathilamark
1,arielkallner,osnathilamark
2,haleviamit,osnathilamark
3,bezalelsm,osnathilamark
4,elicoh1,osnathilamark
5,yakmargi,osnathilamark
6,davidbitan,osnathilamark
7,yoavkisch,osnathilamark
8,shitrit_keti,osnathilamark
9,zoharm7,osnathilamark
10,yoazhendel1,osnathilamark
11,netanyahu,osnathilamark
12,meravmichaeli,osnathilamark
13,orly_levy,osnathilamark
14,regev_miri,osnathilamark
15,nitzanhorowitz,osnathilamark
16,dudiamsalem,osnathilamark
17,ayelet__shaked,osnathilamark
18,avidichter,osnathilamark
19,avigdorliberman,osnathilamark
20,tamarzandberg,osnathilamark
21,yairlapid,osnathilamark
22,ahmad_tibi,osnathilamark
23,naftalibennett,osnathilamark
0,haleviamit,fateenmulla
1,gyevarkan,fateenmulla
2,mkgilon,fateenmulla
3,oded_forer,fateenmulla
4,yuliamalinovsky,fateenmulla
5,btoporovsky,fateenmulla
6,ram_ben_barak,fateenmulla
7,ornabarb,fateenmulla
8,pnina_tamano_sh,fateenmulla
9,omeryankelevitc,fateenmulla
10,idanroll,fateenmulla
11,eitanginzburg,fateenmulla
12,yorailahav,fateenmulla
13,elazar_stern,fateenmulla
14,kerenbarak,fateenmulla
15,ettyatia,fateenmulla
16,osnathilamark,fateenmulla
17,shitrit_keti,fateenmulla
18,arielkallner,fateenmulla
19,ofirkatzmk,fateenmulla
20,ofir_sofer,fateenmulla
21,dayanuzi,fateenmulla
22,izhars7,fateenmulla
23,matankahana,fateenmulla
24,realrafiperets,fateenmulla
25,mkorlyfroman,fateenmulla
26,meravmichaeli,fateenmulla
27,ishmuli,fateenmulla
28,orly_levy,fateenmulla
29,zvihauser,fateenmulla
30,yoazhendel1,fateenmulla
31,asafzamir,fateenmulla
32,mikihaimovich1,fateenmulla
33,gadeermreeh,fateenmulla
34,mkmeircohen,fateenmulla
35,gabi_ashkenazi,fateenmulla
36,kelharrar,fateenmulla
37,avidichter,fateenmulla
38,sbyifat,fateenmulla
39,gilagamliel,fateenmulla
40,nitzanhorowitz,fateenmulla
41,gantzbe,fateenmulla
42,bogie_yaalon,fateenmulla
43,yairlapid,fateenmulla
44,israel_katz,fateenmulla
45,yoavgallant,fateenmulla
46,nirbarkat,fateenmulla
47,golanmay,fateenmulla
48,avigdorliberman,fateenmulla
49,yuliedelstein,fateenmulla
50,regev_miri,fateenmulla
51,naftalibennett,fateenmulla
52,bezalelsm,fateenmulla
53,ayelet__shaked,fateenmulla
54,elicoh1,fateenmulla
55,yoavkisch,fateenmulla
56,davidbitan,fateenmulla
57,zoharm7,fateenmulla
58,dudiamsalem,fateenmulla
59,netanyahu,fateenmulla
0,ayelet__shaked,meravmichaeli
1,nitzanhorowitz,meravmichaeli
2,tamarzandberg,meravmichaeli
3,mkgilon,meravmichaeli
4,ahmad_tibi,meravmichaeli
5,netanyahu,meravmichaeli
0,vladimirbeliak,yuliamalinovsky
1,osnathilamark,yuliamalinovsky
2,mksondos,yuliamalinovsky
3,mkmickeylevy,yuliamalinovsky
4,mnsorabbas,yuliamalinovsky
5,shitrit_keti,yuliamalinovsky
6,ysegalovitz,yuliamalinovsky
7,gabi_ashkenazi,yuliamalinovsky
8,yrazvozov,yuliamalinovsky
9,matankahana,yuliamalinovsky
10,yairgolan1,yuliamalinovsky
11,ofir_sofer,yuliamalinovsky
12,zvihauser,yuliamalinovsky
13,kushnir_al,yuliamalinovsky
14,realrafiperets,yuliamalinovsky
15,mkmeircohen,yuliamalinovsky
16,yorailahav,yuliamalinovsky
17,nitzanhorowitz,yuliamalinovsky
18,ayodeh,yuliamalinovsky
19,bogie_yaalon,yuliamalinovsky
20,asafzamir,yuliamalinovsky
21,mikihaimovich1,yuliamalinovsky
22,kerenbarak,yuliamalinovsky
23,eitanginzburg,yuliamalinovsky
24,pnina_tamano_sh,yuliamalinovsky
25,ornabarb,yuliamalinovsky
26,ram_ben_barak,yuliamalinovsky
27,avidareli,yuliamalinovsky
28,shlomo_karhi,yuliamalinovsky
29,nirbarkat,yuliamalinovsky
30,gantzbe,yuliamalinovsky
31,orly_levy,yuliamalinovsky
32,avidichter,yuliamalinovsky
33,tzachi_hanegbi,yuliamalinovsky
34,yisraeleichler,yuliamalinovsky
35,elicoh1,yuliamalinovsky
36,ayoobkara,yuliamalinovsky
37,steinitz_yuval,yuliamalinovsky
38,ofirakunis,yuliamalinovsky
39,yuliedelstein,yuliamalinovsky
40,yoavgallant,yuliamalinovsky
41,zoharm7,yuliamalinovsky
42,aidatuma,yuliamalinovsky
43,taliploskov,yuliamalinovsky
44,elazar_stern,yuliamalinovsky
45,gilagamliel,yuliamalinovsky
46,regev_miri,yuliamalinovsky
47,israel_katz,yuliamalinovsky
48,yakmargi,yuliamalinovsky
49,mkgilon,yuliamalinovsky
50,kelharrar,yuliamalinovsky
51,sbyifat,yuliamalinovsky
52,yairlapid,yuliamalinovsky
53,meravmichaeli,yuliamalinovsky
54,tamarzandberg,yuliamalinovsky
55,bezalelsm,yuliamalinovsky
56,ayelet__shaked,yuliamalinovsky
57,naftalibennett,yuliamalinovsky
58,yoavkisch,yuliamalinovsky
59,davidbitan,yuliamalinovsky
60,ishmuli,yuliamalinovsky
61,dudiamsalem,yuliamalinovsky
62,yoazhendel1,yuliamalinovsky
63,netanyahu,yuliamalinovsky
64,oded_forer,yuliamalinovsky
65,avigdorliberman,yuliamalinovsky
0,fateenmulla,malkielim82
1,nissimv,malkielim82
2,tehilafriedman,malkielim82
3,andreykozhinov,malkielim82
4,drjabareen,malkielim82
5,mnsorabbas,malkielim82
6,saeedalkhrumi,malkielim82
7,shahadehabou,malkielim82
8,asaqla,malkielim82
9,mksondos,malkielim82
10,mtanesshihadeh,malkielim82
11,avidichter,malkielim82
12,hebayazbak,malkielim82
13,tzachi_hanegbi,malkielim82
14,elicoh1,malkielim82
15,steinitz_yuval,malkielim82
16,israel_katz,malkielim82
17,davidbitan,malkielim82
18,yrazvozov,malkielim82
19,taliploskov,malkielim82
20,elazar_stern,malkielim82
21,orly_levy,malkielim82
22,ahmad_tibi,malkielim82
23,evgenysova,malkielim82
24,cotlerwunsh,malkielim82
25,izhars7,malkielim82
26,mkmeircohen,malkielim82
27,kelharrar,malkielim82
28,omeryankelevitc,malkielim82
29,ofir_sofer,malkielim82
30,idanroll,malkielim82
31,ram_ben_barak,malkielim82
32,matankahana,malkielim82
33,yoavkisch,malkielim82
34,shlomo_karhi,malkielim82
35,kerenbarak,malkielim82
36,tamarzandberg,malkielim82
37,dayanuzi,malkielim82
38,khatib_eman,malkielim82
39,btoporovsky,malkielim82
40,osamasaadi63,malkielim82
41,ysegalovitz,malkielim82
42,zvihauser,malkielim82
43,gilagamliel,malkielim82
44,yorailahav,malkielim82
45,eitanginzburg,malkielim82
46,ornabarb,malkielim82
47,nirbarkat,malkielim82
48,mkmickeylevy,malkielim82
49,kushnir_al,malkielim82
50,waleedt68,malkielim82
51,ofercass,malkielim82
52,ayodeh,malkielim82
53,yuliamalinovsky,malkielim82
54,sbyifat,malkielim82
55,aidatuma,malkielim82
56,gadeermreeh,malkielim82
57,bogie_yaalon,malkielim82
58,yoazhendel1,malkielim82
59,gabi_ashkenazi,malkielim82
60,asafzamir,malkielim82
61,mkorlyfroman,malkielim82
62,ettyatia,malkielim82
63,ofirkatzmk,malkielim82
64,shitrit_keti,malkielim82
65,yuliedelstein,malkielim82
66,zoharm7,malkielim82
67,dudiamsalem,malkielim82
68,yoavgallant,malkielim82
69,realrafiperets,malkielim82
70,osnathilamark,malkielim82
71,arielkallner,malkielim82
72,haleviamit,malkielim82
73,ishmuli,malkielim82
74,yairgolan1,malkielim82
75,meravmichaeli,malkielim82
76,regev_miri,malkielim82
77,bezalelsm,malkielim82
78,avigdorliberman,malkielim82
79,ayelet__shaked,malkielim82
80,yakmargi,malkielim82
81,pnina_tamano_sh,malkielim82
82,oded_forer,malkielim82
83,avidareli,malkielim82
84,gyevarkan,malkielim82
85,nitzanhorowitz,malkielim82
86,gantzbe,malkielim82
87,yairlapid,malkielim82
88,naftalibennett,malkielim82
89,netanyahu,malkielim82
90,bussouriel,malkielim82
91,yossitaieb,malkielim82
92,abutbulm,malkielim82
0,zvihauser,yakmargi
1,yoazhendel1,yakmargi
2,gabi_ashkenazi,yakmargi
3,gantzbe,yakmargi
4,dayanuzi,yakmargi
5,mkorlyfroman,yakmargi
6,elazar_stern,yakmargi
7,kelharrar,yakmargi
8,ayelet__shaked,yakmargi
9,bezalelsm,yakmargi
10,meravmichaeli,yakmargi
11,orly_levy,yakmargi
12,netanyahu,yakmargi
13,ishmuli,yakmargi
14,naftalibennett,yakmargi
0,israel_katz,netanyahu
1,golanmay,netanyahu
2,shlomo_karhi,netanyahu
3,yoavkisch,netanyahu
4,tzachi_hanegbi,netanyahu
5,dudiamsalem,netanyahu
6,avidichter,netanyahu
7,ofirakunis,netanyahu
8,gilagamliel,netanyahu
9,regev_miri,netanyahu
10,yuliedelstein,netanyahu
0,ofercass,mksondos
1,osamasaadi63,mksondos
2,drjabareen,mksondos
3,shahadehabou,mksondos
4,yorailahav,mksondos
5,mnsorabbas,mksondos
6,eitanginzburg,mksondos
7,khatib_eman,mksondos
8,gadeermreeh,mksondos
9,hebayazbak,mksondos
10,yuliedelstein,mksondos
11,waleedt68,mksondos
12,asaqla,mksondos
13,gilagamliel,mksondos
14,zoharm7,mksondos
15,nirbarkat,mksondos
16,ahmad_tibi,mksondos
17,mkgilon,mksondos
18,sbyifat,mksondos
19,kelharrar,mksondos
20,yairlapid,mksondos
21,tamarzandberg,mksondos
22,ayodeh,mksondos
23,gabi_ashkenazi,mksondos
24,bogie_yaalon,mksondos
25,meravmichaeli,mksondos
26,orly_levy,mksondos
27,nitzanhorowitz,mksondos
28,naftalibennett,mksondos
29,ishmuli,mksondos
30,netanyahu,mksondos
31,avidichter,mksondos
32,yoazhendel1,mksondos
33,gantzbe,mksondos
34,ayelet__shaked,mksondos
35,avigdorliberman,mksondos
36,aidatuma,mksondos
37,mtanesshihadeh,mksondos
0,gadeermreeh,ysegalovitz
1,malkielim82,ysegalovitz
2,mkmickeylevy,ysegalovitz
3,ornabarb,ysegalovitz
4,avidareli,ysegalovitz
5,yakmargi,ysegalovitz
6,yuliedelstein,ysegalovitz
7,avidichter,ysegalovitz
8,meravmichaeli,ysegalovitz
9,asafzamir,ysegalovitz
10,yairgolan1,ysegalovitz
11,ayodeh,ysegalovitz
12,gantzbe,ysegalovitz
13,mkgilon,ysegalovitz
14,kelharrar,ysegalovitz
15,aidatuma,ysegalovitz
16,zoharm7,ysegalovitz
17,zvihauser,ysegalovitz
18,yoazhendel1,ysegalovitz
19,oded_forer,ysegalovitz
20,yoavkisch,ysegalovitz
21,ofirakunis,ysegalovitz
22,elicoh1,ysegalovitz
23,dudiamsalem,ysegalovitz
24,elazar_stern,ysegalovitz
25,gilagamliel,ysegalovitz
26,davidbitan,ysegalovitz
27,israel_katz,ysegalovitz
28,gabi_ashkenazi,ysegalovitz
29,pnina_tamano_sh,ysegalovitz
30,izhars7,ysegalovitz
31,mkorlyfroman,ysegalovitz
32,ishmuli,ysegalovitz
33,mikihaimovich1,ysegalovitz
34,bogie_yaalon,ysegalovitz
35,realrafiperets,ysegalovitz
36,ram_ben_barak,ysegalovitz
37,vladimirbeliak,ysegalovitz
38,nitzanhorowitz,ysegalovitz
39,tamarzandberg,ysegalovitz
40,regev_miri,ysegalovitz
41,ayelet__shaked,ysegalovitz
42,bezalelsm,ysegalovitz
43,avigdorliberman,ysegalovitz
44,naftalibennett,ysegalovitz
45,yairlapid,ysegalovitz
46,tehilafriedman,ysegalovitz
47,sbyifat,ysegalovitz
0,shitrit_keti,evgenysova
1,yoazhendel1,evgenysova
2,avigdorliberman,evgenysova
0,zvihauser,ofir_sofer
1,btoporovsky,ofir_sofer
2,ram_ben_barak,ofir_sofer
3,asafzamir,ofir_sofer
4,haleviamit,ofir_sofer
5,arielkallner,ofir_sofer
6,mkorlyfroman,ofir_sofer
7,malkielim82,ofir_sofer
8,izhars7,ofir_sofer
9,gyevarkan,ofir_sofer
10,yossitaieb,ofir_sofer
11,abutbulm,ofir_sofer
12,bussouriel,ofir_sofer
13,omeryankelevitc,ofir_sofer
14,ettyatia,ofir_sofer
15,cotlerwunsh,ofir_sofer
16,tehilafriedman,ofir_sofer
17,yuliamalinovsky,ofir_sofer
18,shitrit_keti,ofir_sofer
19,yakmargi,ofir_sofer
20,yrazvozov,ofir_sofer
21,gabi_ashkenazi,ofir_sofer
22,nirbarkat,ofir_sofer
23,sbyifat,ofir_sofer
24,matankahana,ofir_sofer
25,shlomo_karhi,ofir_sofer
26,oded_forer,ofir_sofer
27,osnathilamark,ofir_sofer
28,gantzbe,ofir_sofer
29,ofirkatzmk,ofir_sofer
30,realrafiperets,ofir_sofer
31,golanmay,ofir_sofer
32,yoazhendel1,ofir_sofer
33,yuliedelstein,ofir_sofer
34,zoharm7,ofir_sofer
35,dudiamsalem,ofir_sofer
36,yoavkisch,ofir_sofer
37,regev_miri,ofir_sofer
38,ayelet__shaked,ofir_sofer
39,avigdorliberman,ofir_sofer
40,naftalibennett,ofir_sofer
41,netanyahu,ofir_sofer
42,bezalelsm,ofir_sofer
0,yoavkisch,bezalelsm
1,ayelet__shaked,bezalelsm
2,meravmichaeli,bezalelsm
3,naftalibennett,bezalelsm
4,regev_miri,bezalelsm
5,zvihauser,bezalelsm
0,yairgolan1,osamasaadi63
1,mnsorabbas,osamasaadi63
2,drjabareen,osamasaadi63
3,davidbitan,osamasaadi63
4,orly_levy,osamasaadi63
5,kelharrar,osamasaadi63
6,yuliedelstein,osamasaadi63
7,aidatuma,osamasaadi63
8,mkgilon,osamasaadi63
9,regev_miri,osamasaadi63
10,dudiamsalem,osamasaadi63
11,meravmichaeli,osamasaadi63
12,bezalelsm,osamasaadi63
13,tamarzandberg,osamasaadi63
14,ishmuli,osamasaadi63
15,ayelet__shaked,osamasaadi63
16,yairlapid,osamasaadi63
17,ahmad_tibi,osamasaadi63
18,ayodeh,osamasaadi63
0,bogie_yaalon,mnsorabbas
1,meravmichaeli,mnsorabbas
2,cotlerwunsh,mnsorabbas
3,dudiamsalem,mnsorabbas
4,yoazhendel1,mnsorabbas
5,zoharm7,mnsorabbas
6,gantzbe,mnsorabbas
7,avigdorliberman,mnsorabbas
8,nitzanhorowitz,mnsorabbas
9,naftalibennett,mnsorabbas
10,shahadehabou,mnsorabbas
11,waleedt68,mnsorabbas
12,bezalelsm,mnsorabbas
13,tamarzandberg,mnsorabbas
14,khatib_eman,mnsorabbas
15,mtanesshihadeh,mnsorabbas
16,hebayazbak,mnsorabbas
17,ayelet__shaked,mnsorabbas
18,ishmuli,mnsorabbas
19,aidatuma,mnsorabbas
20,ayodeh,mnsorabbas
21,ahmad_tibi,mnsorabbas
22,yairlapid,mnsorabbas
0,izhars7,ayodeh
1,malkielim82,ayodeh
2,omeryankelevitc,ayodeh
3,yorailahav,ayodeh
4,hebayazbak,ayodeh
5,abutbulm,ayodeh
6,mtanesshihadeh,ayodeh
7,zoharm7,ayodeh
8,bogie_yaalon,ayodeh
9,yairgolan1,ayodeh
10,asaqla,ayodeh
11,mksondos,ayodeh
12,ornabarb,ayodeh
13,gadeermreeh,ayodeh
14,ysegalovitz,ayodeh
15,matankahana,ayodeh
16,avigdorliberman,ayodeh
17,gabi_ashkenazi,ayodeh
18,gantzbe,ayodeh
19,saeedalkhrumi,ayodeh
20,orly_levy,ayodeh
21,ishmuli,ayodeh
22,yairlapid,ayodeh
23,ofercass,ayodeh
24,drjabareen,ayodeh
25,nitzanhorowitz,ayodeh
26,mkgilon,ayodeh
27,kelharrar,ayodeh
28,aidatuma,ayodeh
29,meravmichaeli,ayodeh
30,naftalibennett,ayodeh
31,netanyahu,ayodeh
32,tamarzandberg,ayodeh
33,ahmad_tibi,ayodeh
0,rutilande,ettyatia
1,kerenbarak,ettyatia
2,ishmuli,ettyatia
3,haleviamit,ettyatia
4,mkorlyfroman,ettyatia
5,yoavgallant,ettyatia
6,yairgolan1,ettyatia
7,ayoobkara,ettyatia
8,ofirakunis,ettyatia
9,avidichter,ettyatia
10,eitanginzburg,ettyatia
11,ofirkatzmk,ettyatia
12,gilagamliel,ettyatia
13,davidbitan,ettyatia
14,ofir_sofer,ettyatia
15,dayanuzi,ettyatia
16,aidatuma,ettyatia
17,zoharm7,ettyatia
18,sbyifat,ettyatia
19,ornabarb,ettyatia
20,dudiamsalem,ettyatia
21,yuliedelstein,ettyatia
22,idanroll,ettyatia
23,steinitz_yuval,ettyatia
24,osnathilamark,ettyatia
25,shitrit_keti,ettyatia
26,mkgilon,ettyatia
27,ayodeh,ettyatia
28,ahmad_tibi,ettyatia
29,yoazhendel1,ettyatia
30,golanmay,ettyatia
31,arielkallner,ettyatia
32,ayelet__shaked,ettyatia
33,naftalibennett,ettyatia
34,bezalelsm,ettyatia
35,yairlapid,ettyatia
36,mikihaimovich1,ettyatia
37,yoavkisch,ettyatia
38,shlomo_karhi,ettyatia
39,asafzamir,ettyatia
40,regev_miri,ettyatia
41,gantzbe,ettyatia
42,netanyahu,ettyatia
43,tamarzandberg,ettyatia
0,bogie_yaalon,aamarhamad
1,ofirakunis,aamarhamad
2,ayelet__shaked,aamarhamad
3,avigdorliberman,aamarhamad
4,ahmad_tibi,aamarhamad
5,yoazhendel1,aamarhamad
6,netanyahu,aamarhamad
0,mksondos,asaqla
1,netanyahu,asaqla
2,kerenbarak,asaqla
3,ram_ben_barak,asaqla
4,ornabarb,asaqla
5,gabi_ashkenazi,asaqla
6,mikihaimovich1,asaqla
7,hebayazbak,asaqla
8,mnsorabbas,asaqla
9,mtanesshihadeh,asaqla
10,meravmichaeli,asaqla
11,waleedt68,asaqla
12,yairgolan1,asaqla
13,asafzamir,asaqla
14,osamasaadi63,asaqla
15,sbyifat,asaqla
16,nirbarkat,asaqla
17,avidichter,asaqla
18,yoavkisch,asaqla
19,yoavgallant,asaqla
20,elicoh1,asaqla
21,dudiamsalem,asaqla
22,zoharm7,asaqla
23,regev_miri,asaqla
24,bezalelsm,asaqla
25,orly_levy,asaqla
26,saeedalkhrumi,asaqla
27,naftalibennett,asaqla
28,ishmuli,asaqla
29,ayelet__shaked,asaqla
30,avigdorliberman,asaqla
31,bogie_yaalon,asaqla
32,nitzanhorowitz,asaqla
33,zvihauser,asaqla
34,yoazhendel1,asaqla
35,shahadehabou,asaqla
36,ofercass,asaqla
37,gantzbe,asaqla
38,tamarzandberg,asaqla
39,aidatuma,asaqla
40,pnina_tamano_sh,asaqla
41,davidbitan,asaqla
42,mkgilon,asaqla
43,kelharrar,asaqla
44,ayodeh,asaqla
45,drjabareen,asaqla
46,yuliedelstein,asaqla
47,ahmad_tibi,asaqla
48,yairlapid,asaqla
0,ornabarb,oded_forer
1,ram_ben_barak,oded_forer
2,mkmickeylevy,oded_forer
3,mkmeircohen,oded_forer
4,pnina_tamano_sh,oded_forer
5,matankahana,oded_forer
6,realrafiperets,oded_forer
7,gabi_ashkenazi,oded_forer
8,yairgolan1,oded_forer
9,ettyatia,oded_forer
10,ofir_sofer,oded_forer
11,dayanuzi,oded_forer
12,idanroll,oded_forer
13,kerenbarak,oded_forer
14,ofirkatzmk,oded_forer
15,mkorlyfroman,oded_forer
16,kushnir_al,oded_forer
17,avidareli,oded_forer
18,eitanginzburg,oded_forer
19,yuliamalinovsky,oded_forer
20,zvihauser,oded_forer
21,yoazhendel1,oded_forer
22,israel_katz,oded_forer
23,ayoobkara,oded_forer
24,taliploskov,oded_forer
25,naftalibennett,oded_forer
26,tamarzandberg,oded_forer
27,meravmichaeli,oded_forer
28,mkgilon,oded_forer
29,kelharrar,oded_forer
30,yakmargi,oded_forer
31,vladimirbeliak,oded_forer
32,steinitz_yuval,oded_forer
33,gilagamliel,oded_forer
34,elazar_stern,oded_forer
35,ofirakunis,oded_forer
36,sbyifat,oded_forer
37,ayelet__shaked,oded_forer
38,yoavkisch,oded_forer
39,bezalelsm,oded_forer
40,yuliedelstein,oded_forer
41,regev_miri,oded_forer
42,yairlapid,oded_forer
43,ishmuli,oded_forer
44,dudiamsalem,oded_forer
45,zoharm7,oded_forer
46,davidbitan,oded_forer
47,elicoh1,oded_forer
48,bogie_yaalon,oded_forer
49,avidichter,oded_forer
50,netanyahu,oded_forer
51,avigdorliberman,oded_forer
0,cotlerwunsh,pindrosy
1,mikihaimovich1,pindrosy
2,avidareli,pindrosy
3,eitanginzburg,pindrosy
4,idanroll,pindrosy
5,gyevarkan,pindrosy
6,ettyatia,pindrosy
7,tehilafriedman,pindrosy
8,drjabareen,pindrosy
9,mnsorabbas,pindrosy
10,dayanuzi,pindrosy
11,golanmay,pindrosy
12,mkgilon,pindrosy
13,sbyifat,pindrosy
14,kelharrar,pindrosy
15,elazar_stern,pindrosy
16,zvihauser,pindrosy
17,aidatuma,pindrosy
18,ayodeh,pindrosy
19,yoazhendel1,pindrosy
20,yairgolan1,pindrosy
21,ornabarb,pindrosy
22,dudiamsalem,pindrosy
23,realrafiperets,pindrosy
24,gabi_ashkenazi,pindrosy
25,gantzbe,pindrosy
26,gilagamliel,pindrosy
27,yoavgallant,pindrosy
28,yuliedelstein,pindrosy
29,ishmuli,pindrosy
30,yoavkisch,pindrosy
31,bogie_yaalon,pindrosy
32,israel_katz,pindrosy
33,avigdorliberman,pindrosy
34,ayelet__shaked,pindrosy
35,davidbitan,pindrosy
36,meravmichaeli,pindrosy
37,tamarzandberg,pindrosy
38,zoharm7,pindrosy
39,orly_levy,pindrosy
40,netanyahu,pindrosy
41,nitzanhorowitz,pindrosy
42,bezalelsm,pindrosy
43,regev_miri,pindrosy
44,yairlapid,pindrosy
45,naftalibennett,pindrosy
0,asafzamir,taliploskov
1,idanroll,taliploskov
2,mkmeircohen,taliploskov
3,ysegalovitz,taliploskov
4,btoporovsky,taliploskov
5,mkorlyfroman,taliploskov
6,eitanginzburg,taliploskov
7,zvihauser,taliploskov
8,kerenbarak,taliploskov
9,ofirkatzmk,taliploskov
10,shitrit_keti,taliploskov
11,ornabarb,taliploskov
12,pnina_tamano_sh,taliploskov
13,gantzbe,taliploskov
14,dayanuzi,taliploskov
15,matankahana,taliploskov
16,mikihaimovich1,taliploskov
17,ettyatia,taliploskov
18,shlomo_karhi,taliploskov
19,tzachi_hanegbi,taliploskov
20,yoazhendel1,taliploskov
21,ayodeh,taliploskov
22,aidatuma,taliploskov
23,yoavgallant,taliploskov
24,steinitz_yuval,taliploskov
25,israel_katz,taliploskov
26,gilagamliel,taliploskov
27,ofirakunis,taliploskov
28,elazar_stern,taliploskov
29,ayelet__shaked,taliploskov
30,bezalelsm,taliploskov
31,oded_forer,taliploskov
32,ayoobkara,taliploskov
33,dudiamsalem,taliploskov
34,yoavkisch,taliploskov
35,yakmargi,taliploskov
36,mkgilon,taliploskov
37,zoharm7,taliploskov
38,kelharrar,taliploskov
39,orly_levy,taliploskov
40,mkmickeylevy,taliploskov
41,davidbitan,taliploskov
42,regev_miri,taliploskov
43,ishmuli,taliploskov
44,avigdorliberman,taliploskov
45,yuliedelstein,taliploskov
46,naftalibennett,taliploskov
47,bogie_yaalon,taliploskov
48,elicoh1,taliploskov
49,meravmichaeli,taliploskov
50,yairlapid,taliploskov
51,tamarzandberg,taliploskov
52,netanyahu,taliploskov
53,sbyifat,taliploskov
0,yoavgallant,mkorlyfroman
1,mkmickeylevy,mkorlyfroman
2,andreykozhinov,mkorlyfroman
3,ayodeh,mkorlyfroman
4,avigdorliberman,mkorlyfroman
5,naftalibennett,mkorlyfroman
6,bezalelsm,mkorlyfroman
7,realrafiperets,mkorlyfroman
8,cotlerwunsh,mkorlyfroman
9,mosheturpaz,mkorlyfroman
10,gadeermreeh,mkorlyfroman
11,oded_forer,mkorlyfroman
12,nitzanhorowitz,mkorlyfroman
13,yakmargi,mkorlyfroman
14,nirbarkat,mkorlyfroman
15,shitrit_keti,mkorlyfroman
16,yairgolan1,mkorlyfroman
17,yrazvozov,mkorlyfroman
18,avidareli,mkorlyfroman
19,dudiamsalem,mkorlyfroman
20,yuliedelstein,mkorlyfroman
21,regev_miri,mkorlyfroman
22,meravmichaeli,mkorlyfroman
23,ysegalovitz,mkorlyfroman
24,ofirkatzmk,mkorlyfroman
25,asafzamir,mkorlyfroman
26,omeryankelevitc,mkorlyfroman
27,yuliamalinovsky,mkorlyfroman
28,idanroll,mkorlyfroman
29,shlomo_karhi,mkorlyfroman
30,ofir_sofer,mkorlyfroman
31,elazar_stern,mkorlyfroman
32,yoavkisch,mkorlyfroman
33,ettyatia,mkorlyfroman
34,tamarzandberg,mkorlyfroman
35,yoazhendel1,mkorlyfroman
36,gilagamliel,mkorlyfroman
37,ayelet__shaked,mkorlyfroman
38,ishmuli,mkorlyfroman
39,yairlapid,mkorlyfroman
40,zvihauser,mkorlyfroman
41,kerenbarak,mkorlyfroman
42,mkgilon,mkorlyfroman
43,orly_levy,mkorlyfroman
44,israel_katz,mkorlyfroman
45,kelharrar,mkorlyfroman
46,eitanginzburg,mkorlyfroman
47,gabi_ashkenazi,mkorlyfroman
48,btoporovsky,mkorlyfroman
49,izhars7,mkorlyfroman
50,ornabarb,mkorlyfroman
51,mkmeircohen,mkorlyfroman
52,ram_ben_barak,mkorlyfroman
53,yorailahav,mkorlyfroman
54,osnathilamark,mkorlyfroman
55,pnina_tamano_sh,mkorlyfroman
56,mikihaimovich1,mkorlyfroman
57,gantzbe,mkorlyfroman
58,bogie_yaalon,mkorlyfroman
0,gadeermreeh,tehilafriedman
1,eitanginzburg,tehilafriedman
2,yossitaieb,tehilafriedman
3,cotlerwunsh,tehilafriedman
4,avigdorliberman,tehilafriedman
5,gantzbe,tehilafriedman
6,ishmuli,tehilafriedman
7,tamarzandberg,tehilafriedman
8,yoazhendel1,tehilafriedman
9,yuliedelstein,tehilafriedman
10,regev_miri,tehilafriedman
11,ayelet__shaked,tehilafriedman
12,bezalelsm,tehilafriedman
13,nitzanhorowitz,tehilafriedman
14,bogie_yaalon,tehilafriedman
15,meravmichaeli,tehilafriedman
16,elazar_stern,tehilafriedman
17,naftalibennett,tehilafriedman
18,yairlapid,tehilafriedman
19,mkgilon,tehilafriedman
20,kelharrar,tehilafriedman
21,netanyahu,tehilafriedman
22,dudiamsalem,tehilafriedman
23,orly_levy,tehilafriedman
24,ayodeh,tehilafriedman
0,zoharm7,realrafiperets
1,yoazhendel1,realrafiperets
2,bezalelsm,realrafiperets
3,netanyahu,realrafiperets
0,malkielim82,andreykozhinov
1,evgenysova,andreykozhinov
2,mkmeircohen,andreykozhinov
3,davidbitan,andreykozhinov
4,orly_levy,andreykozhinov
5,yuliedelstein,andreykozhinov
6,nitzanhorowitz,andreykozhinov
7,yorailahav,andreykozhinov
8,kushnir_al,andreykozhinov
9,yuliamalinovsky,andreykozhinov
10,ram_ben_barak,andreykozhinov
11,sbyifat,andreykozhinov
12,elazar_stern,andreykozhinov
13,pnina_tamano_sh,andreykozhinov
14,kelharrar,andreykozhinov
15,yoazhendel1,andreykozhinov
16,bogie_yaalon,andreykozhinov
17,regev_miri,andreykozhinov
18,zvihauser,andreykozhinov
19,oded_forer,andreykozhinov
20,gadeermreeh,andreykozhinov
21,idanroll,andreykozhinov
22,btoporovsky,andreykozhinov
23,mkmickeylevy,andreykozhinov
24,vladimirbeliak,andreykozhinov
25,netanyahu,andreykozhinov
26,meravmichaeli,andreykozhinov
27,ayelet__shaked,andreykozhinov
28,yairlapid,andreykozhinov
29,realrafiperets,andreykozhinov
30,bezalelsm,andreykozhinov
31,naftalibennett,andreykozhinov
32,avigdorliberman,andreykozhinov
33,ayodeh,andreykozhinov
34,gantzbe,andreykozhinov
35,gabi_ashkenazi,andreykozhinov
36,yrazvozov,andreykozhinov
37,ornabarb,andreykozhinov
38,mkorlyfroman,andreykozhinov
0,vladimirbeliak,kushnir_al
1,ofir_sofer,kushnir_al
2,yossitaieb,kushnir_al
3,cotlerwunsh,kushnir_al
4,abutbulm,kushnir_al
5,ettyatia,kushnir_al
6,shitrit_keti,kushnir_al
7,taliploskov,kushnir_al
8,kelharrar,kushnir_al
9,bussouriel,kushnir_al
10,idanroll,kushnir_al
11,yorailahav,kushnir_al
12,andreykozhinov,kushnir_al
13,evgenysova,kushnir_al
14,btoporovsky,kushnir_al
15,gadeermreeh,kushnir_al
16,yrazvozov,kushnir_al
17,mkmickeylevy,kushnir_al
18,matankahana,kushnir_al
19,ofirkatzmk,kushnir_al
20,shahadehabou,kushnir_al
21,gilagamliel,kushnir_al
22,omeryankelevitc,kushnir_al
23,ysegalovitz,kushnir_al
24,mkorlyfroman,kushnir_al
25,elazar_stern,kushnir_al
26,meravmichaeli,kushnir_al
27,dudiamsalem,kushnir_al
28,sbyifat,kushnir_al
29,yakmargi,kushnir_al
30,zoharm7,kushnir_al
31,ofirakunis,kushnir_al
32,steinitz_yuval,kushnir_al
33,elicoh1,kushnir_al
34,yisraeleichler,kushnir_al
35,avidichter,kushnir_al
36,orly_levy,kushnir_al
37,nirbarkat,kushnir_al
38,shlomo_karhi,kushnir_al
39,ram_ben_barak,kushnir_al
40,ornabarb,kushnir_al
41,pnina_tamano_sh,kushnir_al
42,kerenbarak,kushnir_al
43,ayodeh,kushnir_al
44,nitzanhorowitz,kushnir_al
45,mkmeircohen,kushnir_al
46,tzachi_hanegbi,kushnir_al
47,mikihaimovich1,kushnir_al
48,eitanginzburg,kushnir_al
49,yairgolan1,kushnir_al
50,gyevarkan,kushnir_al
51,israel_katz,kushnir_al
52,asafzamir,kushnir_al
53,realrafiperets,kushnir_al
54,naftalibennett,kushnir_al
55,zvihauser,kushnir_al
56,yoazhendel1,kushnir_al
57,ishmuli,kushnir_al
58,bogie_yaalon,kushnir_al
59,ahmad_tibi,kushnir_al
60,yoavkisch,kushnir_al
61,davidbitan,kushnir_al
62,tamarzandberg,kushnir_al
63,yuliedelstein,kushnir_al
64,gantzbe,kushnir_al
65,gabi_ashkenazi,kushnir_al
66,bezalelsm,kushnir_al
67,netanyahu,kushnir_al
68,avidareli,kushnir_al
69,yuliamalinovsky,kushnir_al
70,yoavgallant,kushnir_al
71,regev_miri,kushnir_al
72,yairlapid,kushnir_al
73,oded_forer,kushnir_al
74,ayelet__shaked,kushnir_al
75,avigdorliberman,kushnir_al
0,izhars7,yoavkisch
1,ornabarb,yoavkisch
2,gabi_ashkenazi,yoavkisch
3,avidareli,yoavkisch
4,yoavgallant,yoavkisch
5,matankahana,yoavkisch
6,aidatuma,yoavkisch
7,ettyatia,yoavkisch
8,realrafiperets,yoavkisch
9,yairgolan1,yoavkisch
10,bogie_yaalon,yoavkisch
11,gantzbe,yoavkisch
12,shlomo_karhi,yoavkisch
13,ayodeh,yoavkisch
14,meravmichaeli,yoavkisch
15,sbyifat,yoavkisch
16,davidbitan,yoavkisch
17,zoharm7,yoavkisch
18,ofirakunis,yoavkisch
19,yuliedelstein,yoavkisch
20,ahmad_tibi,yoavkisch
21,ishmuli,yoavkisch
22,dudiamsalem,yoavkisch
23,bezalelsm,yoavkisch
24,yairlapid,yoavkisch
25,gilagamliel,yoavkisch
26,regev_miri,yoavkisch
27,avigdorliberman,yoavkisch
28,ayelet__shaked,yoavkisch
29,yoazhendel1,yoavkisch
30,naftalibennett,yoavkisch
31,netanyahu,yoavkisch
0,sbyifat,arielkallner
1,oded_forer,arielkallner
2,steinitz_yuval,arielkallner
3,ofir_sofer,arielkallner
4,yorailahav,arielkallner
5,shlomo_karhi,arielkallner
6,omeryankelevitc,arielkallner
7,malkielim82,arielkallner
8,haleviamit,arielkallner
9,osnathilamark,arielkallner
10,matankahana,arielkallner
11,shitrit_keti,arielkallner
12,meravmichaeli,arielkallner
13,nitzanhorowitz,arielkallner
14,ayodeh,arielkallner
15,gabi_ashkenazi,arielkallner
16,yairgolan1,arielkallner
17,yuliedelstein,arielkallner
18,dayanuzi,arielkallner
19,ofirkatzmk,arielkallner
20,kelharrar,arielkallner
21,ishmuli,arielkallner
22,yakmargi,arielkallner
23,gilagamliel,arielkallner
24,tzachi_hanegbi,arielkallner
25,asafzamir,arielkallner
26,elicoh1,arielkallner
27,ayoobkara,arielkallner
28,zoharm7,arielkallner
29,dudiamsalem,arielkallner
30,ofirakunis,arielkallner
31,zvihauser,arielkallner
32,israel_katz,arielkallner
33,avidichter,arielkallner
34,golanmay,arielkallner
35,regev_miri,arielkallner
36,bezalelsm,arielkallner
37,yoazhendel1,arielkallner
38,avigdorliberman,arielkallner
39,netanyahu,arielkallner
40,yairlapid,arielkallner
41,naftalibennett,arielkallner
42,ayelet__shaked,arielkallner
43,davidbitan,arielkallner
44,yoavkisch,arielkallner
45,yoavgallant,arielkallner
46,gantzbe,arielkallner
47,bogie_yaalon,arielkallner
48,tamarzandberg,arielkallner
0,netanyahu,ayoobkara
0,ofir_sofer,shlomo_karhi
1,haleviamit,shlomo_karhi
2,dayanuzi,shlomo_karhi
3,bussouriel,shlomo_karhi
4,izhars7,shlomo_karhi
5,btoporovsky,shlomo_karhi
6,ettyatia,shlomo_karhi
7,ofirkatzmk,shlomo_karhi
8,elicoh1,shlomo_karhi
9,davidbitan,shlomo_karhi
10,zoharm7,shlomo_karhi
11,yoavkisch,shlomo_karhi
12,netanyahu,shlomo_karhi
0,netanyahu,regev_miri
0,aidatuma,idanroll
1,sbyifat,idanroll
2,gadeermreeh,idanroll
3,shitrit_keti,idanroll
4,ofirkatzmk,idanroll
5,oded_forer,idanroll
6,elazar_stern,idanroll
7,yrazvozov,idanroll
8,mkorlyfroman,idanroll
9,omeryankelevitc,idanroll
10,btoporovsky,idanroll
11,vladimirbeliak,idanroll
12,nirbarkat,idanroll
13,gabi_ashkenazi,idanroll
14,ysegalovitz,idanroll
15,kerenbarak,idanroll
16,mkmeircohen,idanroll
17,mikihaimovich1,idanroll
18,ornabarb,idanroll
19,ram_ben_barak,idanroll
20,mosheturpaz,idanroll
21,kelharrar,idanroll
22,pnina_tamano_sh,idanroll
23,nitzanhorowitz,idanroll
24,mkmickeylevy,idanroll
25,netanyahu,idanroll
26,avigdorliberman,idanroll
27,bogie_yaalon,idanroll
28,bezalelsm,idanroll
29,ishmuli,idanroll
30,yairlapid,idanroll
31,naftalibennett,idanroll
32,ayelet__shaked,idanroll
33,regev_miri,idanroll
34,meravmichaeli,idanroll
0,zvihauser,yael_ron
1,yoazhendel1,yael_ron
2,bogie_yaalon,yael_ron
3,gabi_ashkenazi,yael_ron
4,gantzbe,yael_ron
5,tamarzandberg,yael_ron
6,netanyahu,yael_ron
7,meravmichaeli,yael_ron
0,vladimirbeliak,yrazvozov
1,ahmad_tibi,yrazvozov
2,avidareli,yrazvozov
3,sbyifat,yrazvozov
4,yorailahav,yrazvozov
5,taliploskov,yrazvozov
6,izhars7,yrazvozov
7,naftalibennett,yrazvozov
8,yuliamalinovsky,yrazvozov
9,idanroll,yrazvozov
10,kelharrar,yrazvozov
11,andreykozhinov,yrazvozov
12,kushnir_al,yrazvozov
13,mkmeircohen,yrazvozov
14,zoharm7,yrazvozov
15,mkmickeylevy,yrazvozov
16,zvihauser,yrazvozov
17,yoazhendel1,yrazvozov
18,oded_forer,yrazvozov
19,btoporovsky,yrazvozov
20,gadeermreeh,yrazvozov
21,ysegalovitz,yrazvozov
22,ornabarb,yrazvozov
23,gabi_ashkenazi,yrazvozov
24,asafzamir,yrazvozov
25,ayelet__shaked,yrazvozov
26,regev_miri,yrazvozov
27,netanyahu,yrazvozov
28,bezalelsm,yrazvozov
29,avigdorliberman,yrazvozov
30,bogie_yaalon,yrazvozov
31,yairlapid,yrazvozov
32,gantzbe,yrazvozov
0,haleviamit,sbyifat
1,mikihaimovich1,sbyifat
2,mkgilon,sbyifat
3,ornabarb,sbyifat
4,gilagamliel,sbyifat
5,ayodeh,sbyifat
6,taliploskov,sbyifat
7,pnina_tamano_sh,sbyifat
8,yuliedelstein,sbyifat
9,nitzanhorowitz,sbyifat
10,elicoh1,sbyifat
11,elazar_stern,sbyifat
12,yoavgallant,sbyifat
13,yoazhendel1,sbyifat
14,kelharrar,sbyifat
15,bezalelsm,sbyifat
16,davidbitan,sbyifat
17,regev_miri,sbyifat
18,tamarzandberg,sbyifat
19,yairlapid,sbyifat
20,meravmichaeli,sbyifat
21,bogie_yaalon,sbyifat
22,ahmad_tibi,sbyifat
23,avigdorliberman,sbyifat
24,ayelet__shaked,sbyifat
25,naftalibennett,sbyifat
26,netanyahu,sbyifat
27,yoavkisch,sbyifat
28,dudiamsalem,sbyifat
0,malkielim82,mtanesshihadeh
1,ayodeh,mtanesshihadeh
2,shahadehabou,mtanesshihadeh
3,hebayazbak,mtanesshihadeh
4,gantzbe,mtanesshihadeh
5,yoavkisch,mtanesshihadeh
6,gilagamliel,mtanesshihadeh
7,aidatuma,mtanesshihadeh
8,ishmuli,mtanesshihadeh
9,yuliedelstein,mtanesshihadeh
10,nitzanhorowitz,mtanesshihadeh
11,meravmichaeli,mtanesshihadeh
12,bogie_yaalon,mtanesshihadeh
13,bezalelsm,mtanesshihadeh
14,regev_miri,mtanesshihadeh
15,ayelet__shaked,mtanesshihadeh
16,avigdorliberman,mtanesshihadeh
17,naftalibennett,mtanesshihadeh
18,yairlapid,mtanesshihadeh
19,netanyahu,mtanesshihadeh
0,shlomo_karhi,steinitz_yuval
1,orly_levy,steinitz_yuval
2,tzachi_hanegbi,steinitz_yuval
3,avigdorliberman,steinitz_yuval
4,mkgilon,steinitz_yuval
5,yakmargi,steinitz_yuval
6,sbyifat,steinitz_yuval
7,zvihauser,steinitz_yuval
8,kelharrar,steinitz_yuval
9,dudiamsalem,steinitz_yuval
10,gilagamliel,steinitz_yuval
11,yuliedelstein,steinitz_yuval
12,ofirakunis,steinitz_yuval
13,ayelet__shaked,steinitz_yuval
14,regev_miri,steinitz_yuval
15,israel_katz,steinitz_yuval
16,netanyahu,steinitz_yuval
0,bussouriel,shitrit_keti
1,tzachi_hanegbi,shitrit_keti
2,yorailahav,shitrit_keti
3,omeryankelevitc,shitrit_keti
4,steinitz_yuval,shitrit_keti
5,yoavgallant,shitrit_keti
6,yakmargi,shitrit_keti
7,ofir_sofer,shitrit_keti
8,ettyatia,shitrit_keti
9,israel_katz,shitrit_keti
10,ayodeh,shitrit_keti
11,kerenbarak,shitrit_keti
12,elicoh1,shitrit_keti
13,oded_forer,shitrit_keti
14,regev_miri,shitrit_keti
15,davidbitan,shitrit_keti
16,dayanuzi,shitrit_keti
17,ishmuli,shitrit_keti
18,gantzbe,shitrit_keti
19,zvihauser,shitrit_keti
20,realrafiperets,shitrit_keti
21,nirbarkat,shitrit_keti
22,idanroll,shitrit_keti
23,shlomo_karhi,shitrit_keti
24,shevach_shtern,shitrit_keti
25,yoavkisch,shitrit_keti
26,bezalelsm,shitrit_keti
27,dudiamsalem,shitrit_keti
28,ayelet__shaked,shitrit_keti
29,avigdorliberman,shitrit_keti
30,ofirakunis,shitrit_keti
31,yuliedelstein,shitrit_keti
32,naftalibennett,shitrit_keti
33,yairlapid,shitrit_keti
34,bogie_yaalon,shitrit_keti
35,ofirkatzmk,shitrit_keti
36,nissimv,shitrit_keti
37,zoharm7,shitrit_keti
38,netanyahu,shitrit_keti
0,yorailahav,elazar_stern
1,gabi_ashkenazi,elazar_stern
2,gantzbe,elazar_stern
3,ysegalovitz,elazar_stern
4,pnina_tamano_sh,elazar_stern
5,asafzamir,elazar_stern
6,idanroll,elazar_stern
7,izhars7,elazar_stern
8,kelharrar,elazar_stern
9,ornabarb,elazar_stern
10,yairlapid,elazar_stern
0,dayanuzi,shevach_shtern
1,yoavgallant,shevach_shtern
2,elazar_stern,shevach_shtern
3,steinitz_yuval,shevach_shtern
4,israel_katz,shevach_shtern
5,ofir_sofer,shevach_shtern
6,elicoh1,shevach_shtern
7,ayoobkara,shevach_shtern
8,naftalibennett,shevach_shtern
9,ayelet__shaked,shevach_shtern
10,davidbitan,shevach_shtern
11,dudiamsalem,shevach_shtern
12,yoavkisch,shevach_shtern
13,zoharm7,shevach_shtern
14,zvihauser,shevach_shtern
15,shitrit_keti,shevach_shtern
16,yairlapid,shevach_shtern
17,regev_miri,shevach_shtern
18,ofirakunis,shevach_shtern
19,yuliedelstein,shevach_shtern
20,yoazhendel1,shevach_shtern
21,bezalelsm,shevach_shtern
22,netanyahu,shevach_shtern
0,cotlerwunsh,izhars7
1,rutilande,izhars7
2,mkmickeylevy,izhars7
3,kushnir_al,izhars7
4,evgenysova,izhars7
5,yuliamalinovsky,izhars7
6,gyevarkan,izhars7
7,yrazvozov,izhars7
8,vladimirbeliak,izhars7
9,shitrit_keti,izhars7
10,ettyatia,izhars7
11,mkorlyfroman,izhars7
12,matankahana,izhars7
13,nitzanhorowitz,izhars7
14,yairgolan1,izhars7
15,gabi_ashkenazi,izhars7
16,ahmad_tibi,izhars7
17,ofirakunis,izhars7
18,avidareli,izhars7
19,tzachi_hanegbi,izhars7
20,btoporovsky,izhars7
21,ysegalovitz,izhars7
22,omeryankelevitc,izhars7
23,ram_ben_barak,izhars7
24,mkmeircohen,izhars7
25,bogie_yaalon,izhars7
26,ofercass,izhars7
27,ornabarb,izhars7
28,yorailahav,izhars7
29,ofir_sofer,izhars7
30,mikihaimovich1,izhars7
31,asafzamir,izhars7
32,realrafiperets,izhars7
33,osnathilamark,izhars7
34,arielkallner,izhars7
35,dayanuzi,izhars7
36,golanmay,izhars7
37,ayoobkara,izhars7
38,shlomo_karhi,izhars7
39,kerenbarak,izhars7
40,ofirkatzmk,izhars7
41,avidichter,izhars7
42,oded_forer,izhars7
43,yakmargi,izhars7
44,yoavgallant,izhars7
45,pnina_tamano_sh,izhars7
46,idanroll,izhars7
47,zvihauser,izhars7
48,elicoh1,izhars7
49,aidatuma,izhars7
50,elazar_stern,izhars7
51,ayodeh,izhars7
52,orly_levy,izhars7
53,yuliedelstein,izhars7
54,steinitz_yuval,izhars7
55,israel_katz,izhars7
56,eitanginzburg,izhars7
57,avigdorliberman,izhars7
58,yoazhendel1,izhars7
59,gilagamliel,izhars7
60,mkgilon,izhars7
61,gantzbe,izhars7
62,sbyifat,izhars7
63,kelharrar,izhars7
64,dudiamsalem,izhars7
65,yairlapid,izhars7
66,ayelet__shaked,izhars7
67,meravmichaeli,izhars7
68,tamarzandberg,izhars7
69,yoavkisch,izhars7
70,bezalelsm,izhars7
71,davidbitan,izhars7
72,zoharm7,izhars7
73,netanyahu,izhars7
74,nirbarkat,izhars7
75,ishmuli,izhars7
76,regev_miri,izhars7
77,naftalibennett,izhars7
0,malkielim82,ishmuli
1,yairgolan1,ishmuli
2,ornabarb,ishmuli
3,gantzbe,ishmuli
4,tamarzandberg,ishmuli
5,yuliedelstein,ishmuli
6,nitzanhorowitz,ishmuli
7,yakmargi,ishmuli
8,zvihauser,ishmuli
9,bogie_yaalon,ishmuli
10,kelharrar,ishmuli
11,bezalelsm,ishmuli
12,meravmichaeli,ishmuli
13,netanyahu,ishmuli
14,yairlapid,ishmuli
15,yoazhendel1,ishmuli
0,ofir_sofer,ayelet__shaked
1,matankahana,ayelet__shaked
2,davidbitan,ayelet__shaked
3,zoharm7,ayelet__shaked
4,gantzbe,ayelet__shaked
5,realrafiperets,ayelet__shaked
6,golanmay,ayelet__shaked
7,israel_katz,ayelet__shaked
8,yoavkisch,ayelet__shaked
9,dudiamsalem,ayelet__shaked
10,yairlapid,ayelet__shaked
11,bezalelsm,ayelet__shaked
12,sbyifat,ayelet__shaked
13,ishmuli,ayelet__shaked
14,zvihauser,ayelet__shaked
15,yoazhendel1,ayelet__shaked
16,tamarzandberg,ayelet__shaked
17,ofirakunis,ayelet__shaked
18,regev_miri,ayelet__shaked
19,bogie_yaalon,ayelet__shaked
20,meravmichaeli,ayelet__shaked
21,yuliedelstein,ayelet__shaked
22,avigdorliberman,ayelet__shaked
23,nitzanhorowitz,ayelet__shaked
24,avidichter,ayelet__shaked
25,netanyahu,ayelet__shaked
26,naftalibennett,ayelet__shaked
0,mksondos,aidatuma
1,asaqla,aidatuma
2,shahadehabou,aidatuma
3,avidichter,aidatuma
4,yairlapid,aidatuma
5,ofirakunis,aidatuma
6,gilagamliel,aidatuma
7,davidbitan,aidatuma
8,bogie_yaalon,aidatuma
9,avigdorliberman,aidatuma
10,ayelet__shaked,aidatuma
11,dudiamsalem,aidatuma
12,yoavkisch,aidatuma
13,naftalibennett,aidatuma
14,regev_miri,aidatuma
15,zoharm7,aidatuma
16,ishmuli,aidatuma
17,kelharrar,aidatuma
18,yoazhendel1,aidatuma
19,orly_levy,aidatuma
20,yuliedelstein,aidatuma
21,mkgilon,aidatuma
22,ahmad_tibi,aidatuma
23,drjabareen,aidatuma
24,nitzanhorowitz,aidatuma
25,ofercass,aidatuma
26,ayodeh,aidatuma
27,meravmichaeli,aidatuma
28,tamarzandberg,aidatuma
29,mnsorabbas,aidatuma
0,omeryankelevitc,pnina_tamano_sh
1,gadeermreeh,pnina_tamano_sh
2,malkielim82,pnina_tamano_sh
3,zvihauser,pnina_tamano_sh
4,eitanginzburg,pnina_tamano_sh
5,dayanuzi,pnina_tamano_sh
6,ornabarb,pnina_tamano_sh
7,ram_ben_barak,pnina_tamano_sh
8,bezalelsm,pnina_tamano_sh
9,realrafiperets,pnina_tamano_sh
10,yuliamalinovsky,pnina_tamano_sh
11,yorailahav,pnina_tamano_sh
12,idanroll,pnina_tamano_sh
13,gyevarkan,pnina_tamano_sh
14,gantzbe,pnina_tamano_sh
15,mkmeircohen,pnina_tamano_sh
16,asafzamir,pnina_tamano_sh
17,bogie_yaalon,pnina_tamano_sh
18,oded_forer,pnina_tamano_sh
19,yoavgallant,pnina_tamano_sh
20,davidbitan,pnina_tamano_sh
21,zoharm7,pnina_tamano_sh
22,yoavkisch,pnina_tamano_sh
23,gilagamliel,pnina_tamano_sh
24,elazar_stern,pnina_tamano_sh
25,yoazhendel1,pnina_tamano_sh
26,tamarzandberg,pnina_tamano_sh
27,avigdorliberman,pnina_tamano_sh
28,regev_miri,pnina_tamano_sh
29,yuliedelstein,pnina_tamano_sh
30,yairlapid,pnina_tamano_sh
31,meravmichaeli,pnina_tamano_sh
32,aidatuma,pnina_tamano_sh
33,steinitz_yuval,pnina_tamano_sh
34,sbyifat,pnina_tamano_sh
35,nitzanhorowitz,pnina_tamano_sh
36,ayelet__shaked,pnina_tamano_sh
37,avidichter,pnina_tamano_sh
38,dudiamsalem,pnina_tamano_sh
39,naftalibennett,pnina_tamano_sh
40,vladimirbeliak,pnina_tamano_sh
41,kelharrar,pnina_tamano_sh
42,mkgilon,pnina_tamano_sh
43,ayoobkara,pnina_tamano_sh
44,orly_levy,pnina_tamano_sh
45,elicoh1,pnina_tamano_sh
46,netanyahu,pnina_tamano_sh
